Workbook

Sheet Récap
A1: LES SOLDES
A2: SOLDE DES IMPAYÉ BLOQUÉ | B2: =SUMIFS('Liste de la paie'!H4:H3291,'Liste de la paie'!L4:L3291,"Impayé",'Liste de la paie'!M4:M3291,"BLOQUÉ") -> 0
A3: SOLDE DES IMPAYÉ EN COURS | B3: =SUMIFS('Liste de la paie'!H4:H3291,'Liste de la paie'!L4:L3291,"Impayé",'Liste de la paie'!M4:M3291,"") -> 69720.764
A4: SOLDE PHYSIQUE | B4: =SUM(C7:E31)-SUM(F7:F31) -> -23344.538
A6: Quinzaine | B6: POINTAGE ESPECES | C6: Montant alimentation VIREMENT BGF | D6: Montant alimentation MR OMAR | E6: ALIM PAR CAISSE RECETTES | F6: Montant payé | G6: Montant Impayé | H6: Solde
A7: 31/06/2025 | B7: 67698.83 | C7: 0 | F7: =SUMIFS('Liste de la paie'!H4:H9659,'Liste de la paie'!A4:A9659,"30/06/2025",'Liste de la paie'!L4:L9659,"Payé") -> 5290.4344 | G7: =SUMIFS('Liste de la paie'!$H$4:$H$9659,'Liste de la paie'!$A$4:$A$9659,"30/06/2025",'Liste de la paie'!$L$4:$L$9659,"Impayé") -> 62408.398 | H7: =SUM(C7:E7)-F7 -> -5290.4344
A8: 1Q07/2025 | B8: =SUMIFS('Liste de la paie'!$H$4:$H$14215,'Liste de la paie'!$F$4:$F$14215,A8) -> 147201 | C8: 150000 | F8: =SUMIFS('Liste de la paie'!H4:H9660,'Liste de la paie'!A4:A9660,"1Q07/2025",'Liste de la paie'!L4:L9660,"Payé") -> 146551 | G8: =SUMIFS('Liste de la paie'!$H$4:$H$9659,'Liste de la paie'!$A$4:$A$9659,"1Q07/2025",'Liste de la paie'!$L$4:$L$9659,"Impayé") -> 650 | H8: =SUM(C8:E8)-F8 -> 3449
A9: 2Q07/2025 | B9: =SUMIFS('Liste de la paie'!$H$4:$H$14215,'Liste de la paie'!$F$4:$F$14215,A9) -> 102934.5 | C9: 103000 | F9: =SUMIFS('Liste de la paie'!$H$4:$H14216,'Liste de la paie'!$A$4:$A14216,A9,'Liste de la paie'!$L$4:$L14216,"Payé") -> 102761.5 | G9: =SUMIFS('Liste de la paie'!$H$4:$H14216,'Liste de la paie'!$A$4:$A14216,A9,'Liste de la paie'!$L$4:$L14216,"Impayé") -> 173 | H9: =SUM(C9:E9)-F9 -> 238.5
A10: 1Q08/2025 | B10: =SUMIFS('Liste de la paie'!$H$4:$H$14215,'Liste de la paie'!$F$4:$F$14215,A10) -> 170336 | C10: 171000 | F10: =SUMIFS('Liste de la paie'!$H$4:$H14217,'Liste de la paie'!$A$4:$A14217,A10,'Liste de la paie'!$L$4:$L14217,"Payé") -> 169121 | G10: =SUMIFS('Liste de la paie'!$H$4:$H14217,'Liste de la paie'!$A$4:$A14217,A10,'Liste de la paie'!$L$4:$L14217,"Impayé") -> 1215 | H10: =SUM(C10:E10)-F10 -> 1879
A11: 2Q08/2025 | B11: =SUMIFS('Liste de la paie'!$H$4:$H$14215,'Liste de la paie'!$F$4:$F$14215,A11) -> 88837 | C11: 90000 | F11: =SUMIFS('Liste de la paie'!$H$4:$H14218,'Liste de la paie'!$A$4:$A14218,A11,'Liste de la paie'!$L$4:$L14218,"Payé") -> 87970 | G11: =SUMIFS('Liste de la paie'!$H$4:$H14218,'Liste de la paie'!$A$4:$A14218,A11,'Liste de la paie'!$L$4:$L14218,"Impayé") -> 867 | H11: =SUM(C11:E11)-F11 -> 2030
A12: 1Q09/2025 | B12: =SUMIFS('Liste de la paie'!$H$4:$H$14215,'Liste de la paie'!$F$4:$F$14215,A12) -> 106702.5 | C12: 110000 | F12: =SUMIFS('Liste de la paie'!$H$4:$H14219,'Liste de la paie'!$A$4:$A14219,A12,'Liste de la paie'!$L$4:$L14219,"Payé") -> 106095.5 | G12: =SUMIFS('Liste de la paie'!$H$4:$H14219,'Liste de la paie'!$A$4:$A14219,A12,'Liste de la paie'!$L$4:$L14219,"Impayé") -> 607 | H12: =SUM(C12:E12)-F12 -> 3904.5
A13: 2Q09/2025 | B13: =SUMIFS('Liste de la paie'!$H$4:$H$14215,'Liste de la paie'!$F$4:$F$14215,A13) -> 159613 | C13: 160000 | F13: =SUMIFS('Liste de la paie'!$H$4:$H14220,'Liste de la paie'!$A$4:$A14220,A13,'Liste de la paie'!$L$4:$L14220,"Payé") -> 159091 | G13: =SUMIFS('Liste de la paie'!$H$4:$H14220,'Liste de la paie'!$A$4:$A14220,A13,'Liste de la paie'!$L$4:$L14220,"Impayé") -> 522 | H13: =SUM(C13:E13)-F13 -> 909
A14: 1Q10/2025 | B14: =SUMIFS('Liste de la paie'!$H$4:$H$14215,'Liste de la paie'!$F$4:$F$14215,A14) -> 136737 | C14: 140000 | F14: =SUMIFS('Liste de la paie'!$H$4:$H14221,'Liste de la paie'!$A$4:$A14221,A14,'Liste de la paie'!$L$4:$L14221,"Payé") -> 136647 | G14: =SUMIFS('Liste de la paie'!$H$4:$H14221,'Liste de la paie'!$A$4:$A14221,A14,'Liste de la paie'!$L$4:$L14221,"Impayé") -> 90 | H14: =SUM(C14:E14)-F14 -> 3353
A15: 2Q10/2025 | B15: =SUMIFS('Liste de la paie'!$H$4:$H$14215,'Liste de la paie'!$F$4:$F$14215,A15) -> 183235 | C15: 185000 | F15: =SUMIFS('Liste de la paie'!$H$4:$H14222,'Liste de la paie'!$A$4:$A14222,A15,'Liste de la paie'!$L$4:$L14222,"Payé") -> 182784 | G15: =SUMIFS('Liste de la paie'!$H$4:$H14222,'Liste de la paie'!$A$4:$A14222,A15,'Liste de la paie'!$L$4:$L14222,"Impayé") -> 451 | H15: =SUM(C15:E15)-F15 -> 2216
A16: 1Q11/2025 | B16: =SUMIFS('Liste de la paie'!$H$4:$H$14215,'Liste de la paie'!$F$4:$F$14215,A16) -> 204737 | C16: 208000 | F16: =SUMIFS('Liste de la paie'!$H$4:$H14223,'Liste de la paie'!$A$4:$A14223,A16,'Liste de la paie'!$L$4:$L14223,"Payé") -> 204737 | G16: =SUMIFS('Liste de la paie'!$H$4:$H14223,'Liste de la paie'!$A$4:$A14223,A16,'Liste de la paie'!$L$4:$L14223,"Impayé") -> 0 | H16: =SUM(C16:E16)-F16 -> 3263
A17: 2Q11/2025 | B17: =SUMIFS('Liste de la paie'!$H$4:$H$14215,'Liste de la paie'!$F$4:$F$14215,A17) -> 234051 | C17: 234000 | F17: =SUMIFS('Liste de la paie'!$H$4:$H14224,'Liste de la paie'!$A$4:$A14224,A17,'Liste de la paie'!$L$4:$L14224,"Payé") -> 233693 | G17: =SUMIFS('Liste de la paie'!$H$4:$H14224,'Liste de la paie'!$A$4:$A14224,A17,'Liste de la paie'!$L$4:$L14224,"Impayé") -> 358 | H17: =SUM(C17:E17)-F17 -> 307
A18: 1Q12/2025 | B18: =SUMIFS('Liste de la paie'!$H$4:$H$14215,'Liste de la paie'!$F$4:$F$14215,A18) -> 226083 | C18: 240000 | F18: =SUMIFS('Liste de la paie'!$H$4:$H14225,'Liste de la paie'!$A$4:$A14225,A18,'Liste de la paie'!$L$4:$L14225,"Payé") -> 225423 | G18: =SUMIFS('Liste de la paie'!$H$4:$H14225,'Liste de la paie'!$A$4:$A14225,A18,'Liste de la paie'!$L$4:$L14225,"Impayé") -> 660 | H18: =SUM(C18:E18)-F18 -> 14577
A19: 2Q12/2025 | B19: =SUMIFS('Liste de la paie'!$H$4:$H$14215,'Liste de la paie'!$F$4:$F$14215,A19) -> 178484 | C19: 190000 | F19: =SUMIFS('Liste de la paie'!$H$4:$H14226,'Liste de la paie'!$A$4:$A14226,A19,'Liste de la paie'!$L$4:$L14226,"Payé") -> 177762 | G19: =SUMIFS('Liste de la paie'!$H$4:$H14226,'Liste de la paie'!$A$4:$A14226,A19,'Liste de la paie'!$L$4:$L14226,"Impayé") -> 722 | H19: =SUM(C19:E19)-F19 -> 12238
A20: 1Q01/2026 | B20: =SUMIFS('Liste de la paie'!$H$4:$H$14215,'Liste de la paie'!$F$4:$F$14215,A20) -> 195919.58 | C20: 200000 | F20: =SUMIFS('Liste de la paie'!$H$4:$H14227,'Liste de la paie'!$A$4:$A14227,A20,'Liste de la paie'!$L$4:$L14227,"Payé") -> 195199.6 | G20: =SUMIFS('Liste de la paie'!$H$4:$H14227,'Liste de la paie'!$A$4:$A14227,A20,'Liste de la paie'!$L$4:$L14227,"Impayé") -> 719.98039 | H20: =SUM(C20:E20)-F20 -> 4800.3961
... A31: 2Q06/2026 | B31: =SUMIFS('Liste de la paie'!$H$4:$H$14215,'Liste de la paie'!$F$4:$F$14215,A31) -> 0 | C31: 0 | F31: =SUMIFS('Liste de la paie'!$H$4:$H14238,'Liste de la paie'!$A$4:$A14238,A31,'Liste de la paie'!$L$4:$L14238,"Payé") -> 0 | G31: =SUMIFS('Liste de la paie'!$H$4:$H14238,'Liste de la paie'!$A$4:$A14238,A31,'Liste de la paie'!$L$4:$L14238,"Impayé") -> 0 | H31: =SUM(C31:E31)-F31 -> 0
A32: TOTAL | B32: =SUM(B7:B31) -> 3271644.9 | C32: =SUM(C7:E31) -> 3164000 | F32: =SUM(F7:F31) -> 3187344.5 | G32: =SUM(G7:G31) -> 84300.379 | H32: =SUM(H7:H31) -> -23344.538
A41: Liste Des Ouvriers Impayé
A42: Liste Des Ouvriers Payé
A43: Liste De Tous Les Ouvriers
A44: Sommes Des Impayés

Sheet Liste de la paie
D1: Liste Des Ouvriers Impayé et payé 2025/2026
C2: =Récap!A44 -> Sommes Des Impayés | E2: =(SUM(Récap!B7:B31)-(SUM(Récap!F7:F31))) -> 84300.376
B3: Matricule | C3: Personnel | D3: Fonction | E3: Équipe | F3: Quinzaine | G3: Nbr de Jours | H3: Montant Net | I3: Date et Heure | L3: Statut | N3: la semaine
A4: 45838 | B4: 494 | C4: EL ACHAOUI ABDELHAMID | D4: OUVRIER | E4: BOUCHAT | F4: 45473 | G4: 8 | H4: 629.50942 | L4: =IF(ISBLANK(H4),"",IF(H4=K4,"Payé","Impayé")) -> Impayé
A5: 45838 | B5: 1355 | C5: EL KHAL FOUAD | D5: OUVRIER | E5: BOUCHAT | F5: 45473 | G5: 1 | H5: 71.535161 | L5: =IF(ISBLANK(H5),"",IF(H5=K5,"Payé","Impayé")) -> Impayé
A6: 45838 | B6: 1478 | C6: EL MANDOURI OMAR | D6: OUVRIER | E6: BOUCHAT | F6: 45473 | G6: 1 | H6: 71.535161 | L6: =IF(ISBLANK(H6),"",IF(H6=K6,"Payé","Impayé")) -> Impayé
A7: 45838 | B7: 1478 | C7: EL MANDOURI OMAR | D7: OUVRIER | E7: BOUCHAT | F7: 45473 | G7: 1 | H7: 71.535161 | L7: =IF(ISBLANK(H7),"",IF(H7=K7,"Payé","Impayé")) -> Impayé
A8: 45838 | B8: 1234 | C8: LANAYA MOUSTAPHA | D8: OUVRIER | E8: BOUCHAT | F8: 45473 | G8: 1 | H8: 78.688677 | L8: =IF(ISBLANK(H8),"",IF(H8=K8,"Payé","Impayé")) -> Impayé
A9: 45838 | B9: 3959 | C9: CHARKI ABDELLATIF | D9: OUVRIER | E9: ABAS | F9: 45473 | G9: 1 | H9: 83 | L9: =IF(ISBLANK(H9),"",IF(H9=K9,"Payé","Impayé")) -> Impayé
A10: 45838 | B10: 4021 | C10: EL ACHHAB MOHAMED | D10: OUVRIER | E10: ABAS | F10: 45473 | G10: 1 | H10: 83 | L10: =IF(ISBLANK(H10),"",IF(H10=K10,"Payé","Impayé")) -> Impayé
A11: 45838 | B11: 4080 | C11: AAMAR SOUFIANE | D11: OUVRIER | E11: ABAS | F11: 45473 | G11: 1 | H11: 83 | L11: =IF(ISBLANK(H11),"",IF(H11=K11,"Payé","Impayé")) -> Impayé
A12: 45838 | B12: 3508 | C12: AMIMI MUSTAPHA | D12: OUVRIER | E12: ABAS | F12: 45473 | G12: 5 | H12: 413 | L12: =IF(ISBLANK(H12),"",IF(H12=K12,"Payé","Impayé")) -> Impayé
A13: 45838 | B13: 4068 | C13: EL BADAOUY MOHAMED | D13: OUVRIER | E13: ABAS | F13: 45473 | G13: 1 | H13: 83 | L13: =IF(ISBLANK(H13),"",IF(H13=K13,"Payé","Impayé")) -> Impayé
A14: 45838 | B14: 4069 | C14: NACIRI KARIM | D14: OUVRIER | E14: ABAS | F14: 45473 | G14: 1 | H14: 83 | L14: =IF(ISBLANK(H14),"",IF(H14=K14,"Payé","Impayé")) -> Impayé
A15: 45838 | B15: 3949 | C15: ROUMAN IMAD | D15: OUVRIER | E15: ABAS | F15: 45473 | G15: 3 | H15: 248 | L15: =IF(ISBLANK(H15),"",IF(H15=K15,"Payé","Impayé")) -> Impayé
A16: 45838 | B16: 4016 | C16: SIYOUN YOUSSEF | D16: OUVRIER | E16: ABAS | F16: 45473 | G16: 1 | H16: 83 | L16: =IF(ISBLANK(H16),"",IF(H16=K16,"Payé","Impayé")) -> Impayé
A17: 45838 | B17: 3971 | C17: BOUDRAHI MOHAMED | D17: OUVRIER | E17: ABAS | F17: 1Q07/2024 | G17: 3 | H17: 248 | L17: =IF(ISBLANK(H17),"",IF(H17=K17,"Payé","Impayé")) -> Impayé
A18: 45838 | B18: 4167 | C18: DRISSI SAID | D18: OUVRIER | E18: ABAS | F18: 1Q07/2024 | G18: 1 | H18: 83 | L18: =IF(ISBLANK(H18),"",IF(H18=K18,"Payé","Impayé")) -> Impayé
A19: 45838 | B19: 5010 | C19: BOUHROUA MOUAD | D19: OUVRIER | E19: ABAS | F19: 1Q08/2024 | G19: 1 | H19: 83 | L19: =IF(ISBLANK(H19),"",IF(H19=K19,"Payé","Impayé")) -> Impayé
A20: 45838 | B20: 3822 | C20: M' SIAD ABDERRAHMAN | D20: OUVRIER | E20: ABAS | F20: 2Q07/2024 | G20: 1 | H20: 83 | L20: =IF(ISBLANK(H20),"",IF(H20=K20,"Payé","Impayé")) -> Impayé
A21: 45838 | B21: 4186 | C21: BEN M'BARKA ABDENNOUR | D21: OUVRIER | E21: ABAS | F21: 2Q07/2024 | G21: 1 | H21: 83 | L21: =IF(ISBLANK(H21),"",IF(H21=K21,"Payé","Impayé")) -> Impayé
A22: 45838 | B22: 4303 | C22: MSIAD EL HADI | D22: OUVRIER | E22: ABAS | F22: 2Q07/2024 | G22: 1 | H22: 83 | L22: =IF(ISBLANK(H22),"",IF(H22=K22,"Payé","Impayé")) -> Impayé
A23: 45838 | B23: 3119 | C23: GUERRAM AYOUB | D23: OUVRIER | E23: ABDELLAH | F23: 45473 | G23: 1 | H23: 78.688677 | L23: =IF(ISBLANK(H23),"",IF(H23=K23,"Payé","Impayé")) -> Impayé
A24: 45838 | B24: 3123 | C24: KHIRIBACH ABDERRAHIM | D24: OUVRIER | E24: ABDELLAH | F24: 45473 | G24: 1 | H24: 78.688677 | L24: =IF(ISBLANK(H24),"",IF(H24=K24,"Payé","Impayé")) -> Impayé
A25: 45838 | B25: 1261 | C25: RAHMOUNI HANAN | D25: OUVRIER | E25: AIN LAABID | F25: 45473 | G25: 3 | H25: 214.60548 | L25: =IF(ISBLANK(H25),"",IF(H25=K25,"Payé","Impayé")) -> Impayé
A26: 45838 | B26: 3102 | C26: SMAHAN CHAIBOUB | D26: OUVRIER | E26: ARBAOUA FEMME | F26: 45473 | G26: 1 | H26: 78.688677 | L26: =IF(ISBLANK(H26),"",IF(H26=K26,"Payé","Impayé")) -> Impayé
A27: 45838 | C27: AYOUB CHINGO | D27: OUVRIER | E27: ARBAOUA H | F27: 45473 | G27: 2 | H27: 143.07032 | L27: =IF(ISBLANK(H27),"",IF(H27=K27,"Payé","Impayé")) -> Impayé
A28: 45838 | C28: SEROKHE MOHAMED | D28: OUVRIER | E28: ARBAOUA H | F28: 45473 | G28: 1 | H28: 71.535161 | L28: =IF(ISBLANK(H28),"",IF(H28=K28,"Payé","Impayé")) -> Impayé
A29: 45838 | C29: TEHAMI KERIZI | D29: OUVRIER | E29: ARBAOUA H | F29: 45473 | G29: 1 | H29: 71.535161 | L29: =IF(ISBLANK(H29),"",IF(H29=K29,"Payé","Impayé")) -> Impayé
A30: 45838 | C30: YOUSSEF EL MARBOUH | D30: OUVRIER | E30: ARBAOUA H | F30: 45473 | G30: 1 | H30: 71.535161 | L30: =IF(ISBLANK(H30),"",IF(H30=K30,"Payé","Impayé")) -> Impayé
A31: 45838 | B31: 2372 | C31: ABDELLAOUI NAIMA | D31: OUVRIER | E31: ASSILA | F31: 45473 | G31: 1 | H31: 78.688677 | L31: =IF(ISBLANK(H31),"",IF(H31=K31,"Payé","Impayé")) -> Impayé
A32: 45838 | B32: 2430 | C32: ARABI JAMILA | D32: OUVRIER | E32: ASSILA | F32: 45473 | G32: 1 | H32: 78.688677 | L32: =IF(ISBLANK(H32),"",IF(H32=K32,"Payé","Impayé")) -> Impayé
A33: 45838 | B33: 2435 | C33: ASSILA LOUBNA | D33: OUVRIER | E33: ASSILA | F33: 45473 | G33: 2 | H33: 157.37735 | L33: =IF(ISBLANK(H33),"",IF(H33=K33,"Payé","Impayé")) -> Impayé
A34: 45838 | B34: 2364 | C34: BELKHADI WAFAE | D34: OUVRIER | E34: ASSILA | F34: 45473 | G34: 1 | H34: 78.688677 | L34: =IF(ISBLANK(H34),"",IF(H34=K34,"Payé","Impayé")) -> Impayé
A35: 45838 | B35: 2428 | C35: BEN TAHAR NISRENE | D35: OUVRIER | E35: ASSILA | F35: 45473 | G35: 2 | H35: 157.37735 | L35: =IF(ISBLANK(H35),"",IF(H35=K35,"Payé","Impayé")) -> Impayé
A36: 45838 | B36: 2363 | C36: EL AMERANI ZEHRA | D36: OUVRIER | E36: ASSILA | F36: 45473 | G36: 1 | H36: 78.688677 | L36: =IF(ISBLANK(H36),"",IF(H36=K36,"Payé","Impayé")) -> Impayé
A37: 45838 | B37: 2361 | C37: KHAOUDI HABIBA | D37: OUVRIER | E37: ASSILA | F37: 45473 | G37: 1 | H37: 78.688677 | L37: =IF(ISBLANK(H37),"",IF(H37=K37,"Payé","Impayé")) -> Impayé
A38: 45838 | B38: 2529 | C38: SOUFI ZEHOR | D38: OUVRIER | E38: ASSILA | F38: 45473 | G38: 1 | H38: 78.688677 | L38: =IF(ISBLANK(H38),"",IF(H38=K38,"Payé","Impayé")) -> Impayé
A39: 45838 | B39: 1277 | C39: BAAL HIND | D39: OUVRIER | E39: AYOUB | F39: 45473 | G39: 3 | H39: 215 | L39: =IF(ISBLANK(H39),"",IF(H39=K39,"Payé","Impayé")) -> Impayé
A40: 45838 | B40: 2926 | C40: EL FATEHY MOHAMED | D40: OUVRIER | E40: BACHIR ,H | F40: 45473 | G40: 1 | H40: 83 | L40: =IF(ISBLANK(H40),"",IF(H40=K40,"Payé","Impayé")) -> Impayé
A41: 45838 | B41: 3650 | C41: GOURRAM BACHIR | D41: OUVRIER | E41: BACHIR ,H | F41: 45473 | G41: 1 | H41: 83 | L41: =IF(ISBLANK(H41),"",IF(H41=K41,"Payé","Impayé")) -> Impayé
A42: 45838 | B42: 3508 | C42: AMIMI MUSTAPHA | D42: OUVRIER | E42: BACHIR ,H | F42: 45473 | G42: 1 | H42: 82.615184 | L42: =IF(ISBLANK(H42),"",IF(H42=K42,"Payé","Impayé")) -> Impayé
... A48: 45838 | B48: 2947 | C48: EL BIRECH MOURAD | D48: OUVRIER | E48: BACHIR ,H | F48: 45473 | G48: 2 | H48: 157.37735 | L48: =IF(ISBLANK(H48),"",IF(H48=K48,"Payé","Impayé")) -> Impayé
A49: 45838 | B49: 3653 | C49: LAHLOU MOUHSSINE | D49: OUVRIER | E49: BACHIR ,H | F49: 1Q07/2024 | G49: 1 | H49: 83 | L49: =IF(ISBLANK(H49),"",IF(H49=K49,"Payé","Impayé")) -> Impayé
A50: 45838 | B50: 3458 | C50: ELKABKAB YOUSSEF | D50: OUVRIER | E50: BACHIR ,H | F50: 1Q08/2024 | G50: 1 | H50: 83 | L50: =IF(ISBLANK(H50),"",IF(H50=K50,"Payé","Impayé")) -> Impayé
A51: 45838 | B51: 2239 | C51: FANGOUCH MOHAMED | D51: OUVRIER | E51: BDAOUA | F51: 45473 | G51: 1 | H51: 71.535161 | L51: =IF(ISBLANK(H51),"",IF(H51=K51,"Payé","Impayé")) -> Impayé
A52: 45838 | B52: 2242 | C52: FARROURA LARBI | D52: OUVRIER | E52: BDAOUA | F52: 45473 | G52: 1 | H52: 71.535161 | L52: =IF(ISBLANK(H52),"",IF(H52=K52,"Payé","Impayé")) -> Impayé
A53: 45838 | B53: 2215 | C53: FARROURA MONIR | D53: OUVRIER | E53: BDAOUA | F53: 45473 | G53: 1 | H53: 71.535161 | L53: =IF(ISBLANK(H53),"",IF(H53=K53,"Payé","Impayé")) -> Impayé
A54: 45838 | B54: 876 | C54: RHONI FILALI MOHAMED | D54: OUVRIER | E54: BDAOUA | F54: 45473 | G54: 1 | H54: 71.535161 | L54: =IF(ISBLANK(H54),"",IF(H54=K54,"Payé","Impayé")) -> Impayé
A55: 45838 | B55: 1843 | C55: ZIAT IHSSANE | D55: OUVRIER | E55: BEJIJINNE,F | F55: 45473 | G55: 1 | H55: 71.535161 | L55: =IF(ISBLANK(H55),"",IF(H55=K55,"Payé","Impayé")) -> Impayé
A56: 45838 | B56: 1342 | C56: KABAB ZOHRA | D56: OUVRIER | E56: BEN SAID | F56: 45473 | G56: 2 | H56: 144 | L56: =IF(ISBLANK(H56),"",IF(H56=K56,"Payé","Impayé")) -> Impayé
A57: 45838 | B57: 1043 | C57: BOURKIOUCH MOUHSIN | D57: OUVRIER | E57: BGF | F57: 45473 | G57: 1 | H57: 83 | L57: =IF(ISBLANK(H57),"",IF(H57=K57,"Payé","Impayé")) -> Impayé
A58: 45838 | B58: 1043 | C58: BOURKIOUCH MOUHSIN | D58: OUVRIER | E58: BGF | F58: 45473 | G58: 2 | H58: 165.23037 | L58: =IF(ISBLANK(H58),"",IF(H58=K58,"Payé","Impayé")) -> Impayé
A59: 45838 | B59: 1041 | C59: El achhab REDOUANE | D59: OUVRIER | E59: BGF | F59: 45473 | G59: 1 | H59: 87 | L59: =IF(ISBLANK(H59),"",IF(H59=K59,"Payé","Impayé")) -> Impayé
A60: 45838 | B60: 1422 | C60: ANHAICHE MOHAMED | D60: OUVRIER | E60: BGF 1 | F60: 45473 | G60: 6 | H60: 430 | L60: =IF(ISBLANK(H60),"",IF(H60=K60,"Payé","Impayé")) -> Impayé
A61: 45838 | B61: 1131 | C61: LYAMANI IMAD | D61: OUVRIER | E61: BGF 1 | F61: 45473 | G61: 2 | H61: 144 | L61: =IF(ISBLANK(H61),"",IF(H61=K61,"Payé","Impayé")) -> Impayé
A62: 45838 | B62: 1425 | C62: SISSA MAROUAN | D62: OUVRIER | E62: BGF 1 | F62: 45473 | G62: 1 | H62: 81.535161 | L62: =IF(ISBLANK(H62),"",IF(H62=K62,"Payé","Impayé")) -> Impayé
... A71: 45838 | B71: 1041 | C71: El achhab REDOUANE | D71: OUVRIER | E71: BGF 5 | F71: 45473 | G71: 1 | H71: 82.615184 | L71: =IF(ISBLANK(H71),"",IF(H71=K71,"Payé","Impayé")) -> Impayé
A72: 45838 | B72: 2291 | C72: CHAKOUR KARIM | D72: OUVRIER | E72: BGF 5 | F72: 45473 | G72: 3 | H72: 236.06603 | L72: =IF(ISBLANK(H72),"",IF(H72=K72,"Payé","Impayé")) -> Impayé
A73: 45838 | B73: 1373 | C73: EL AAOUAJ HLAL | D73: OUVRIER | E73: BGF 5 | F73: 45473 | G73: 1 | H73: 82 | L73: =IF(ISBLANK(H73),"",IF(H73=K73,"Payé","Impayé")) -> Impayé
A74: 45838 | B74: 194 | C74: EL MAJDOUBI MUSTAPHA | D74: OUVRIER | E74: BGF1 | F74: 45473 | G74: 1 | H74: 87 | L74: =IF(ISBLANK(H74),"",IF(H74=K74,"Payé","Impayé")) -> Impayé
A75: 45838 | B75: 2276 | C75: NIBEA JAMAL | D75: OUVRIER | E75: BGF5 | F75: 45473 | G75: 1 | H75: 82.615184 | L75: =IF(ISBLANK(H75),"",IF(H75=K75,"Payé","Impayé")) -> Impayé
A76: 45838 | B76: 1422 | C76: ANHAICHE MOHAMED | D76: OUVRIER | E76: BGF5 | F76: 45473 | G76: 2 | H76: 143.07032 | L76: =IF(ISBLANK(H76),"",IF(H76=K76,"Payé","Impayé")) -> Impayé
A77: 45838 | C77: MUSTAPHA REBIHI | D77: OUVRIER | E77: BNANDA | F77: 1Q10/2024 | G77: 1 | H77: 83 | L77: =IF(ISBLANK(H77),"",IF(H77=K77,"Payé","Impayé")) -> Impayé
A78: 45838 | B78: 3636 | C78: CHAKHAR MOHAMED | D78: OUVRIER | E78: BOUACHATE | F78: 45473 | G78: 1 | H78: 82.615184 | L78: =IF(ISBLANK(H78),"",IF(H78=K78,"Payé","Impayé")) -> Impayé
A79: 45838 | B79: 3645 | C79: MIHA MOHAMED | D79: OUVRIER | E79: BOUACHATE | F79: 45473 | G79: 1 | H79: 82.615184 | L79: =IF(ISBLANK(H79),"",IF(H79=K79,"Payé","Impayé")) -> Impayé
A80: 45838 | B80: 3340 | C80: EL GOURFTI MOHAMED | D80: OUVRIER | E80: BOUCHAREN | F80: 45473 | G80: 2 | H80: 157.37735 | L80: =IF(ISBLANK(H80),"",IF(H80=K80,"Payé","Impayé")) -> Impayé
A81: 45838 | B81: 1744 | C81: EL MAAROUFI AHMED | D81: OUVRIER | E81: BOUCHAREN | F81: 45473 | G81: 1 | H81: 82.615184 | L81: =IF(ISBLANK(H81),"",IF(H81=K81,"Payé","Impayé")) -> Impayé
A82: 45838 | B82: 1723 | C82: EL MAAROUFI MOHAMED | D82: OUVRIER | E82: BOUCHAREN | F82: 45473 | G82: 1 | H82: 82.615184 | L82: =IF(ISBLANK(H82),"",IF(H82=K82,"Payé","Impayé")) -> Impayé | M82: 97/
A83: 45838 | B83: 3249 | C83: MELOUK MOHAMED | D83: OUVRIER | E83: BOUCHAREN | F83: 45473 | G83: 1 | H83: 82.615184 | L83: =IF(ISBLANK(H83),"",IF(H83=K83,"Payé","Impayé")) -> Impayé
A84: 45838 | B84: 1712 | C84: EL MOKHTARI MAJDA | D84: OUVRIER | E84: BOUCHAREN | F84: 45473 | G84: 1 | H84: 82.615184 | L84: =IF(ISBLANK(H84),"",IF(H84=K84,"Payé","Impayé")) -> Impayé
A85: 45838 | B85: 1587 | C85: EL AHRACH HMIDOU | D85: OUVRIER | E85: BOUCHAREN | F85: 45473 | G85: 1 | H85: 82.615184 | L85: =IF(ISBLANK(H85),"",IF(H85=K85,"Payé","Impayé")) -> Impayé
A86: 45838 | B86: 2664 | C86: EL HAROUIYA MENANA | D86: OUVRIER | E86: BOUCHAREN | F86: 45473 | G86: 1 | H86: 82.615184 | L86: =IF(ISBLANK(H86),"",IF(H86=K86,"Payé","Impayé")) -> Impayé
A87: 45838 | B87: 2437 | C87: DOCANE MUSTAPHA | D87: OUVRIER | E87: BOUCHAREN | F87: 45473 | G87: 1 | H87: 78.688677 | L87: =IF(ISBLANK(H87),"",IF(H87=K87,"Payé","Impayé")) -> Impayé
A88: 45838 | B88: 297 | C88: EL HRRIT KHADOUJ | D88: OUVRIER | E88: BOUCHAREN | F88: 45473 | G88: 2 | H88: 157.37735 | L88: =IF(ISBLANK(H88),"",IF(H88=K88,"Payé","Impayé")) -> Impayé
A89: 45838 | B89: 2320 | C89: EL KOURCHI MOHAMED | D89: OUVRIER | E89: BOUCHAREN | F89: 45473 | G89: 1 | H89: 78.688677 | L89: =IF(ISBLANK(H89),"",IF(H89=K89,"Payé","Impayé")) -> Impayé
A90: 45838 | B90: 2331 | C90: JOUHAR MOHAMED | D90: OUVRIER | E90: BOUCHAREN | F90: 45473 | G90: 1 | H90: 88.688677 | L90: =IF(ISBLANK(H90),"",IF(H90=K90,"Payé","Impayé")) -> Impayé
A91: 45838 | B91: 2281 | C91: SAHRAOUI ZAKARIA | D91: OUVRIER | E91: BOUCHAREN | F91: 45473 | G91: 1 | H91: 78.688677 | L91: =IF(ISBLANK(H91),"",IF(H91=K91,"Payé","Impayé")) -> Impayé
A92: 45838 | B92: 564 | C92: SEKAF FATIMA ZOHRA | D92: OUVRIER | E92: BOUCHAREN | F92: 45473 | G92: 2 | H92: 157.37735 | L92: =IF(ISBLANK(H92),"",IF(H92=K92,"Payé","Impayé")) -> Impayé
A93: 45838 | B93: 1548 | C93: TAHTAH FATIMA | D93: OUVRIER | E93: BOUCHAREN | F93: 45473 | G93: 3 | H93: 214.60548 | L93: =IF(ISBLANK(H93),"",IF(H93=K93,"Payé","Impayé")) -> Impayé
A94: 45838 | B94: 3375 | C94: ZAKOURI ISMAIL | D94: OUVRIER | E94: BOUCHAREN | F94: 45473 | G94: 1 | H94: 78.688677 | L94: =IF(ISBLANK(H94),"",IF(H94=K94,"Payé","Impayé")) -> Impayé
A95: 45838 | B95: 1616 | C95: BENKHADDAH SAID | D95: OUVRIER | E95: BOUCHAREN ,H | F95: 45473 | G95: 3 | H95: 214.60548 | L95: =IF(ISBLANK(H95),"",IF(H95=K95,"Payé","Impayé")) -> Impayé
A96: 45838 | B96: 9002 | C96: EL HAMIDI ANASS | D96: OUVRIER | E96: BOUCHAREN H | F96: 1Q04/2025 | G96: 1 | H96: 100 | L96: =IF(ISBLANK(H96),"",IF(H96=K96,"Payé","Impayé")) -> Impayé
A97: 45838 | B97: 4476 | C97: BOUZRIBA OUALID | D97: OUVRIER | E97: BOUCHAREN H | F97: 2Q05/2025 | G97: 3 | H97: 260 | L97: =IF(ISBLANK(H97),"",IF(H97=K97,"Payé","Impayé")) -> Impayé
A98: 45838 | B98: 976 | C98: KHAYAT ABDENNASSAR | D98: OUVRIER | E98: BOUCHAT | F98: 45473 | G98: 1.22 | H98: 88 | L98: =IF(ISBLANK(H98),"",IF(H98=K98,"Payé","Impayé")) -> Impayé
A99: 45838 | B99: 3400 | C99: ABDEALI BASL | D99: OUVRIER | E99: BOUJDEYAN | F99: 45473 | G99: 2 | H99: 157.37735 | L99: =IF(ISBLANK(H99),"",IF(H99=K99,"Payé","Impayé")) -> Impayé
A100: 45838 | B100: 3414 | C100: EL KHLIFI YACINE | D100: OUVRIER | E100: BRIBRI | F100: 45473 | G100: 1 | H100: 78.688677 | L100: =IF(ISBLANK(H100),"",IF(H100=K100,"Payé","Impayé")) -> Impayé
A101: 45838 | B101: 3239 | C101: EL-BHIRI RACHID | D101: OUVRIER | E101: BRIBRI | F101: 45473 | G101: 2 | H101: 157.37735 | L101: =IF(ISBLANK(H101),"",IF(H101=K101,"Payé","Impayé")) -> Impayé
A102: 45838 | B102: 3346 | C102: HMIDI ABDELKHALAQ | D102: OUVRIER | E102: BRIBRI | F102: 45473 | G102: 2 | H102: 157.37735 | L102: =IF(ISBLANK(H102),"",IF(H102=K102,"Payé","Impayé")) -> Impayé
A103: 45838 | B103: 3740 | D103: OUVRIER | E103: CHAHDI | F103: 45473 | G103: 1 | H103: 83 | L103: =IF(ISBLANK(H103),"",IF(H103=K103,"Payé","Impayé")) -> Impayé
A104: 45838 | B104: 3738 | C104: TARIK LAILA | D104: OUVRIER | E104: CHAHDI | F104: 45473 | G104: 1 | H104: 83 | L104: =IF(ISBLANK(H104),"",IF(H104=K104,"Payé","Impayé")) -> Impayé
A105: 45838 | B105: 3737 | C105: TARIK SALMA | D105: OUVRIER | E105: CHAHDI | F105: 45473 | G105: 1 | H105: 83 | L105: =IF(ISBLANK(H105),"",IF(H105=K105,"Payé","Impayé")) -> Impayé
A106: 45838 | B106: 3739 | C106: TARIK SARA | D106: OUVRIER | E106: CHAHDI | F106: 45473 | G106: 1 | H106: 83 | L106: =IF(ISBLANK(H106),"",IF(H106=K106,"Payé","Impayé")) -> Impayé
A107: 45838 | B107: 3399 | C107: EL BOUGHOUALI NADA | D107: OUVRIER | E107: CHAHDI | F107: 45473 | G107: 1 | H107: 83 | L107: =IF(ISBLANK(H107),"",IF(H107=K107,"Payé","Impayé")) -> Impayé
A108: 45838 | B108: 3743 | C108: RAQUI KHADIJA | D108: OUVRIER | E108: CHAHDI | F108: 45473 | G108: 1 | H108: 83 | L108: =IF(ISBLANK(H108),"",IF(H108=K108,"Payé","Impayé")) -> Impayé
A109: 45838 | B109: 2531 | C109: EL YAZID FATIHA | D109: OUVRIER | E109: CHAHDI | F109: 45473 | G109: 1 | H109: 78.688677 | L109: =IF(ISBLANK(H109),"",IF(H109=K109,"Payé","Impayé")) -> Impayé
A110: 45838 | B110: 3449 | C110: EL-BOUAZZAOUI HANAN | D110: OUVRIER | E110: CHAHDI | F110: 45473 | G110: 1 | H110: 78.688677 | L110: =IF(ISBLANK(H110),"",IF(H110=K110,"Payé","Impayé")) -> Impayé
A111: 45838 | B111: 3770 | C111: CHAIMEL FERDAOUISE | D111: OUVRIER | E111: CHAHDI | F111: 45473 | G111: 1 | H111: 83 | L111: =IF(ISBLANK(H111),"",IF(H111=K111,"Payé","Impayé")) -> Impayé
A112: 45838 | B112: 2635 | C112: EL BEGHAR TAMOU | D112: OUVRIER | E112: CHAHDI | F112: 45473 | G112: 1 | H112: 78 | L112: =IF(ISBLANK(H112),"",IF(H112=K112,"Payé","Impayé")) -> Impayé
A113: 45838 | B113: 3664 | C113: EL JAMMAL ZAKIA | D113: OUVRIER | E113: CHAHDI | F113: 45473 | G113: 2 | H113: 165.23037 | L113: =IF(ISBLANK(H113),"",IF(H113=K113,"Payé","Impayé")) -> Impayé
...

Sheet ETAT EMARGEMENT
A1: ETAT D'EMARGEMENT
D3: 1ér QNZ aout
A4: MATRICULE | B4: NOM ET PRENOM | C4: EQUIPE | D4: NBR JOURS | E4: MONTANT | F4: SINGATURE
A5: 3412 | B5: EL HMAR SAID | C5: AVC | D5: 2 | E5: 173
A6: 3607 | B6: HAMDOUCH JAOUAD | C6: BGF | D6: 12 | E6: 1201
A7: 3672 | B7: SIKI AHMED | C7: BGF | D7: 16 | E7: 1769
A8: 6 | B8: EL KARA HAMZA | C8: BGF | D8: 16 | E8: 1687
A9: 41 | B9: EL HLIMI ABDRRAHIM | C9: BGF | D9: 14 | E9: 1415
A10: 95 | B10: EL MESBAHI AHMED | C10: BGF 1 | D10: 16 | E10: 1617
A11: 4373 | B11: NEHAILI ADIL | C11: BGF 1 | D11: 14 | E11: 1354
A12: 4807 | B12: EL HADMI MUSTAPHA | C12: BGF 1 | D12: 13 | E12: 1258
A13: 198 | B13: EL MAJDOUBI HAMID | C13: BGF 3 | D13: 16 | E13: 1617
A14: 202 | B14: EL BERRAITI DRISS | C14: BGF 3 | D14: 14 | E14: 1415
A15: 752 | B15: AHDOUD HICHAM | C15: BGF 4 | D15: 14 | E15: 1415
A16: 753 | B16: HILI NORDDINE | C16: BGF 4 | D16: 14 | E16: 1415
... A51: 5340 | B51: EL LKHATYBY MAROUAN | C51: BOUACHAT | D51: 4 | E51: 347
B52: EL MAHJOUBI ABDGHAFOUR | C52: BOUACHAT | D52: 171 | E52: 4275
A53: 346 | B53: TOUATI KHADOUJ | C53: BOUCHAREN | D53: 9 | E53: 820
A54: 348 | B54: EL HRAOUIYA KARIMA | C54: BOUCHAREN | D54: 12 | E54: 1285
A55: 354 | B55: NACIRI FATNA | C55: BOUCHAREN | D55: 7 | E55: 638
A56: 360 | B56: EL MAAROUFI HAFIDA | C56: BOUCHAREN | D56: 9 | E56: 964
A57: 520 | B57: AL MGITNI FATNA | C57: BOUCHAREN | D57: 9 | E57: 820
A58: 521 | B58: BOUMEDIAN FATOUM | C58: BOUCHAREN | D58: 9 | E58: 820
A59: 559 | B59: SOUIR FATIMA | C59: BOUCHAREN | D59: 7 | E59: 638
A60: 845 | B60: AJCHEF KHADIJA | C60: BOUCHAREN | D60: 9 | E60: 820
A61: 1278 | B61: BOUTBAILA SMAHANE | C61: BOUCHAREN | D61: 6 | E61: 546
A62: 1593 | B62: EL AHRACH ASSMAHAN | C62: BOUCHAREN | D62: 8 | E62: 694
A63: 1723 | B63: EL MAAROUFI MOHAMED | C63: BOUCHAREN | D63: 15 | E63: 1536
A64: 2664 | B64: EL HAROUIYA MENANA | C64: BOUCHAREN | D64: 8 | E64: 694
... A68: 3726 | B68: HAMDOUCH FATIMA ZOHRA | C68: BOUCHAREN | D68: 9 | E68: 781
A69: TRS308 | B69: EL MGHITNI MOUSTAPHA | C69: BOUCHAREN | D69: 163 | E69: 4075
A70: 3427 | B70: AYAD ASMAE | C70: BOUCHAREN | D70: 9 | E70: 781
A71: 4415 | B71: EL HAMRI FARAH | C71: BOUCHAREN | D71: 4 | E71: 347
A72: 4550 | B72: HAMDOUCH IBTISSAM | C72: BOUCHAREN | D72: 8 | E72: 694
A73: 5268 | B73: EL BOUALI DOUAE | C73: BOUCHAREN | D73: 7 | E73: 607
A74: 5274 | B74: BOUACHA FATIMA ZOHRA | C74: BOUCHAREN | D74: 5 | E74: 434
A75: 2580 | B75: EL FRAIHI FATIMA | C75: CHAHDI | D75: 1 | E75: 87
A76: 2589 | B76: BOUMEDIAN NAJEOI | C76: CHAHDI | D76: 4 | E76: 347
A77: 5187 | B77: WAFAE LAKEHAL | C77: CHAHDI | D77: 6 | E77: 520
A78: 5225 | B78: BOUTAHRA AICHA | C78: CHAHDI | D78: 2 | E78: 173
A79: 5332 | B79: EL GHOUL FATIHA | C79: CHAHDI | D79: 4 | E79: 347
B80: CHAHDI BOUSLHAM | C80: CHAHDI | D80: 44 | E80: 1100
A81: 2254 | B81: EL AZAAR MOUSTAPHA | C81: EL BACHIR | D81: 5 | E81: 434
A82: 2436 | B82: ANNOURA HAMZA | C82: EL BACHIR | D82: 4 | E82: 347
A83: 2922 | B83: ES-SAGHYR EL BACHIR | C83: EL BACHIR | D83: 4 | E83: 387
A84: 3010 | B84: KARKOUR ZARRAD | C84: EL BACHIR | D84: 5 | E84: 434
A85: 3075 | B85: CHAKAL MOUNIR | C85: EL BACHIR | D85: 5 | E85: 434
A86: 3086 | B86: ES-SAGHYR TAOUFIK | C86: EL BACHIR | D86: 5 | E86: 434
A87: 3130 | B87: MLITOU MOUSTAPHA | C87: EL BACHIR | D87: 5 | E87: 454
A88: 3133 | B88: EL HADY ABDELMALEK | C88: EL BACHIR | D88: 4 | E88: 347
A89: 3136 | B89: ROUBIO ABDERRAHMAN | C89: EL BACHIR | D89: 3 | E89: 260
A90: 3400 | B90: BEL-BOUHALI ABDERRAHIM | C90: EL BACHIR | D90: 3 | E90: 260
A91: 3627 | B91: ZERAK-LATNIN BRAHIM | C91: EL BACHIR | D91: 2 | E91: 173
A92: 4102 | B92: EL BAKKOURI MOHAMED | C92: EL BACHIR | D92: 5 | E92: 434
... A106: 5262 | B106: BOUMNIKHER ANAS | C106: EL BACHIR | D106: 1 | E106: 87
A107: TRS351 | B107: ES-SAGHYR EL BACHIR | C107: EL BACHIR | D107: 90 | E107: 2250
A108: 3486 | B108: EL HAIMAR BADIA | C108: EL HAFI HANAN | D108: 7 | E108: 607
A109: 3506 | B109: EL GHARBAOUI NAJIA | C109: EL HAFI HANAN | D109: 1 | E109: 87
A110: 3590 | B110: EL HAFI MOUNIA | C110: EL HAFI HANAN | D110: 2 | E110: 173
A111: 4061 | B111: NAMSI AMINA | C111: EL HAFI HANAN | D111: 2 | E111: 173
A112: 4090 | B112: ASSOU SAMIA | C112: EL HAFI HANAN | D112: 11 | E112: 954
A113: 4310 | B113: EL HAFI IHSSAN | C113: EL HAFI HANAN | D113: 8 | E113: 694
A114: 4333 | B114: EL HAFI FATIMA ZOHRA 1 | C114: EL HAFI HANAN | D114: 2 | E114: 173
A115: 4334 | B115: DBOU HIBA | C115: EL HAFI HANAN | D115: 7 | E115: 607
A116: 4470 | B116: EL AISSOU AMAL | C116: EL HAFI HANAN | D116: 2 | E116: 173
A117: 4509 | B117: ASSOU FATIMA ZOHRA | C117: EL HAFI HANAN | D117: 12 | E117: 1041
A118: 4801 | B118: EL HAFI FATIMA ZOHRA | C118: EL HAFI HANAN | D118: 7 | E118: 607
A119: 5121 | B119: MARWA BEHAIBAH | C119: EL HAFI HANAN | D119: 5 | E119: 434
... A122: 8022 | B122: HASSOUN AZIZA | C122: EL HAFI HANAN | D122: 13 | E122: 1128
B123: DIMOU HANAN | C123: FARID | D123: 112 | E123: 3360
A124: 2943 | B124: ELYABOURY HAMZA | C124: FARID | D124: 1 | E124: 87
A125: 2965 | B125: BOUAZZA HAMZA | C125: FARID | D125: 8 | E125: 694
A126: 2997 | B126: EL KOUMIRY FARID | C126: FARID | D126: 6 | E126: 580
A127: 3001 | B127: CHABOU ABDESLAM | C127: FARID | D127: 8 | E127: 694
A128: 3903 | B128: BOUAZZA ZOUHYR | C128: FARID | D128: 1 | E128: 87
A129: 4060 | B129: EL AZOUAN MOHAMED | C129: FARID | D129: 8 | E129: 704
A130: 5076 | B130: SAMADI YAHYA | C130: FARID | D130: 2 | E130: 183
A131: 5203 | B131: SALAH AYOUB | C131: FARID | D131: 7 | E131: 607
A132: 5209 | B132: ABDESLAM WARDIN | C132: FARID | D132: 7 | E132: 607
A133: 5222 | B133: MARWANE ELYAMLAHY | C133: FARID | D133: 1 | E133: 87
A134: 5238 | B134: EL GOUT OMAR | C134: FARID | D134: 6 | E134: 520
A135: 5240 | B135: JAADI RAYANE | C135: FARID | D135: 7 | E135: 607
... A148: 5336 | B148: SAMADI ABDESLAM | C148: FARID | D148: 2 | E148: 173
A149: TRS346 | B149: EL HAFI MUSTAPHA | C149: HANANE HAFI | D149: 168 | E149: 4200
A150: 526 | B150: ELMOUSSAOUI LATIFA | C150: KSAR F | D150: 8 | E150: 694
A151: 529 | B151: EL MANSOURI FDILA | C151: KSAR F | D151: 8 | E151: 694
A152: 649 | B152: NACBA SOUMAYA | C152: KSAR F | D152: 8 | E152: 694
A153: 1377 | B153: EL BOUHLI AMINA | C153: KSAR F | D153: 11 | E153: 954
A154: 1380 | B154: BELHADI AHMED 2 | C154: KSAR F | D154: 12 | E154: 1213
A155: 1384 | B155: EL BOUHSSINI HAFSA | C155: KSAR F | D155: 11 | E155: 954
A156: 1387 | B156: EL HADDAD ZOHRA | C156: KSAR F | D156: 11 | E156: 1002
A157: 1392 | B157: EL BSIR KHADIJA | C157: KSAR F | D157: 11 | E157: 1002
A158: 1415 | B158: ER-REGRAGUI MARYAM | C158: KSAR F | D158: 9 | E158: 820
A159: 1504 | B159: EL KRAIMI NORA | C159: KSAR F | D159: 7 | E159: 638
A160: 1505 | B160: ABDA FATIMA | C160: KSAR F | D160: 12 | E160: 1041
A161: 2161 | B161: SOLTANI ANISSA | C161: KSAR F | D161: 12 | E161: 1041
... A182: 7012 | B182: ASRI RAHMA | C182: KSAR F | D182: 10 | E182: 867
A183: TRS324 | B183: BELHADI AHMED | C183: KSAR F | D183: 336 | E183: 8400
A184: 851 | B184: BAROUK NAIMA | C184: LARACHE | D184: 9 | E184: 910
A185: 1134 | B185: RBIE FATIMA | C185: LARACHE | D185: 7 | E185: 607
...

Sheet PV de la Paie
A5: PV DE PAIEMENT
A8: DATE | C8: HEURE DEBUT | D8: LIEU | F8: MONTANT Payé | G8: NOM ET Prénom | H8: AGENT DE PAIEMENT | I8: REMARQUES
A9: 2Q04/2025 | B9: 2Q04/2025 | C9: 0.59375 | D9: Berry Good Farms | F9: 400 | G9: EL UAHEDE MOHAMED | H9: ACHRAF EL INAK | I9: ****
A12: ACHRAF EL INAK | F12: HAMZA ALLAOUI
H14: Larache Le : | I14: 46079
