Workbook

Sheet Total
A1: Matricule | B1: Personnel | C1: Variété | D1: 16 | E1: 17 | F1: 18 | G1: 19 | H1: 20 | I1: 21 | J1: 22 | K1: 23 | L1: 24 | M1: 25 | N1: 26 | O1: 27 | P1: 28 | Q1: 29 | R1: 30 | S1: Total | U1: Matricule | V1: Personnel | W1: Variété | X1: 16 | Y1: 17 | Z1: 18 | AA1: 19 | AB1: 20 | AC1: 21 | AD1: 22 | AE1: 23 | AF1: 24 | AG1: 25 | AH1: 26 | AI1: 27 | AJ1: 28 | AK1: 29 | AL1: 30 | AM1: Total
A2: AQ10810 | B2: AYADI FATIHA | C2: MARAVILLA | S2: =SUM(D2:R2) -> 0 | T2: 1 | U2: AQ10810 | V2: AYADI FATIHA | W2: MARAVILLA | X2: =IF(D2<20,0,IF(D2<25,20,IF(D2<30,40,IF(D2<=40,60+(D2-30)*3,60+30+(D2-40)*4)))) -> 0 | Y2: =IF(E2<20,0,IF(E2<25,20,IF(E2<30,40,IF(E2<=40,60+(E2-30)*3,60+30+(E2-40)*4)))) -> 0 | Z2: =IF(F2<20,0,IF(F2<25,20,IF(F2<30,40,IF(F2<=40,60+(F2-30)*3,60+30+(F2-40)*4)))) -> 0 | AA2: =IF(G2<20,0,IF(G2<25,20,IF(G2<30,40,IF(G2<=40,60+(G2-30)*3,60+30+(G2-40)*4)))) -> 0 | AB2: =IF(H2<20,0,IF(H2<25,20,IF(H2<30,40,IF(H2<=40,60+(H2-30)*3,60+30+(H2-40)*4)))) -> 0 | AC2: =IF(I2<20,0,IF(I2<25,20,IF(I2<30,40,IF(I2<=40,60+(I2-30)*3,60+30+(I2-40)*4)))) -> 0 | AD2: =IF(J2<20,0,IF(J2<25,20,IF(J2<30,40,IF(J2<=40,60+(J2-30)*3,60+30+(J2-40)*4)))) -> 0 | AE2: =IF(K2<20,0,IF(K2<25,20,IF(K2<30,40,IF(K2<=40,60+(K2-30)*3,60+30+(K2-40)*4)))) -> 0 | ... AL2: =IF(R2<20,0,IF(R2<25,20,IF(R2<30,40,IF(R2<=40,60+(R2-30)*3,60+30+(R2-40)*4)))) -> 0 | AM2: =SUM(X2:AL2) -> 0
A3: AQ10811 | B3: HOUSNIYA EL KHELIFA | C3: MARAVILLA | S3: =SUM(D3:R3) -> 0 | T3: 1 | U3: AQ10811 | V3: HOUSNIYA EL KHELIFA | W3: MARAVILLA | X3: =IF(D3<20,0,IF(D3<25,20,IF(D3<30,40,IF(D3<=40,60+(D3-30)*3,60+30+(D3-40)*4)))) -> 0 | Y3: =IF(E3<20,0,IF(E3<25,20,IF(E3<30,40,IF(E3<=40,60+(E3-30)*3,60+30+(E3-40)*4)))) -> 0 | Z3: =IF(F3<20,0,IF(F3<25,20,IF(F3<30,40,IF(F3<=40,60+(F3-30)*3,60+30+(F3-40)*4)))) -> 0 | AA3: =IF(G3<20,0,IF(G3<25,20,IF(G3<30,40,IF(G3<=40,60+(G3-30)*3,60+30+(G3-40)*4)))) -> 0 | AB3: =IF(H3<20,0,IF(H3<25,20,IF(H3<30,40,IF(H3<=40,60+(H3-30)*3,60+30+(H3-40)*4)))) -> 0 | AC3: =IF(I3<20,0,IF(I3<25,20,IF(I3<30,40,IF(I3<=40,60+(I3-30)*3,60+30+(I3-40)*4)))) -> 0 | AD3: =IF(J3<20,0,IF(J3<25,20,IF(J3<30,40,IF(J3<=40,60+(J3-30)*3,60+30+(J3-40)*4)))) -> 0 | AE3: =IF(K3<20,0,IF(K3<25,20,IF(K3<30,40,IF(K3<=40,60+(K3-30)*3,60+30+(K3-40)*4)))) -> 0 | ... AL3: =IF(R3<20,0,IF(R3<25,20,IF(R3<30,40,IF(R3<=40,60+(R3-30)*3,60+30+(R3-40)*4)))) -> 0 | AM3: =SUM(X3:AL3) -> 0
A4: AQ10812 | B4: EL CHAMSI ZOUHRA | C4: MARAVILLA | S4: =SUM(D4:R4) -> 0 | T4: 1 | U4: AQ10812 | V4: EL CHAMSI ZOUHRA | W4: MARAVILLA | X4: =IF(D4<20,0,IF(D4<25,20,IF(D4<30,40,IF(D4<=40,60+(D4-30)*3,60+30+(D4-40)*4)))) -> 0 | Y4: =IF(E4<20,0,IF(E4<25,20,IF(E4<30,40,IF(E4<=40,60+(E4-30)*3,60+30+(E4-40)*4)))) -> 0 | Z4: =IF(F4<20,0,IF(F4<25,20,IF(F4<30,40,IF(F4<=40,60+(F4-30)*3,60+30+(F4-40)*4)))) -> 0 | AA4: =IF(G4<20,0,IF(G4<25,20,IF(G4<30,40,IF(G4<=40,60+(G4-30)*3,60+30+(G4-40)*4)))) -> 0 | AB4: =IF(H4<20,0,IF(H4<25,20,IF(H4<30,40,IF(H4<=40,60+(H4-30)*3,60+30+(H4-40)*4)))) -> 0 | AC4: =IF(I4<20,0,IF(I4<25,20,IF(I4<30,40,IF(I4<=40,60+(I4-30)*3,60+30+(I4-40)*4)))) -> 0 | AD4: =IF(J4<20,0,IF(J4<25,20,IF(J4<30,40,IF(J4<=40,60+(J4-30)*3,60+30+(J4-40)*4)))) -> 0 | AE4: =IF(K4<20,0,IF(K4<25,20,IF(K4<30,40,IF(K4<=40,60+(K4-30)*3,60+30+(K4-40)*4)))) -> 0 | ... AL4: =IF(R4<20,0,IF(R4<25,20,IF(R4<30,40,IF(R4<=40,60+(R4-30)*3,60+30+(R4-40)*4)))) -> 0 | AM4: =SUM(X4:AL4) -> 0
A5: AQ10813 | B5: EL JAMAL KHAADIJA | C5: MARAVILLA | S5: =SUM(D5:R5) -> 0 | T5: 1 | U5: AQ10813 | V5: EL JAMAL KHAADIJA | W5: MARAVILLA | X5: =IF(D5<20,0,IF(D5<25,20,IF(D5<30,40,IF(D5<=40,60+(D5-30)*3,60+30+(D5-40)*4)))) -> 0 | Y5: =IF(E5<20,0,IF(E5<25,20,IF(E5<30,40,IF(E5<=40,60+(E5-30)*3,60+30+(E5-40)*4)))) -> 0 | Z5: =IF(F5<20,0,IF(F5<25,20,IF(F5<30,40,IF(F5<=40,60+(F5-30)*3,60+30+(F5-40)*4)))) -> 0 | AA5: =IF(G5<20,0,IF(G5<25,20,IF(G5<30,40,IF(G5<=40,60+(G5-30)*3,60+30+(G5-40)*4)))) -> 0 | AB5: =IF(H5<20,0,IF(H5<25,20,IF(H5<30,40,IF(H5<=40,60+(H5-30)*3,60+30+(H5-40)*4)))) -> 0 | AC5: =IF(I5<20,0,IF(I5<25,20,IF(I5<30,40,IF(I5<=40,60+(I5-30)*3,60+30+(I5-40)*4)))) -> 0 | AD5: =IF(J5<20,0,IF(J5<25,20,IF(J5<30,40,IF(J5<=40,60+(J5-30)*3,60+30+(J5-40)*4)))) -> 0 | AE5: =IF(K5<20,0,IF(K5<25,20,IF(K5<30,40,IF(K5<=40,60+(K5-30)*3,60+30+(K5-40)*4)))) -> 0 | ... AL5: =IF(R5<20,0,IF(R5<25,20,IF(R5<30,40,IF(R5<=40,60+(R5-30)*3,60+30+(R5-40)*4)))) -> 0 | AM5: =SUM(X5:AL5) -> 0
A6: AQ10814 | B6: EL ZAIME FATIMA ZOHRA | C6: MARAVILLA | S6: =SUM(D6:R6) -> 0 | T6: 1 | U6: AQ10814 | V6: EL ZAIME FATIMA ZOHRA | W6: MARAVILLA | X6: =IF(D6<20,0,IF(D6<25,20,IF(D6<30,40,IF(D6<=40,60+(D6-30)*3,60+30+(D6-40)*4)))) -> 0 | Y6: =IF(E6<20,0,IF(E6<25,20,IF(E6<30,40,IF(E6<=40,60+(E6-30)*3,60+30+(E6-40)*4)))) -> 0 | Z6: =IF(F6<20,0,IF(F6<25,20,IF(F6<30,40,IF(F6<=40,60+(F6-30)*3,60+30+(F6-40)*4)))) -> 0 | AA6: =IF(G6<20,0,IF(G6<25,20,IF(G6<30,40,IF(G6<=40,60+(G6-30)*3,60+30+(G6-40)*4)))) -> 0 | AB6: =IF(H6<20,0,IF(H6<25,20,IF(H6<30,40,IF(H6<=40,60+(H6-30)*3,60+30+(H6-40)*4)))) -> 0 | AC6: =IF(I6<20,0,IF(I6<25,20,IF(I6<30,40,IF(I6<=40,60+(I6-30)*3,60+30+(I6-40)*4)))) -> 0 | AD6: =IF(J6<20,0,IF(J6<25,20,IF(J6<30,40,IF(J6<=40,60+(J6-30)*3,60+30+(J6-40)*4)))) -> 0 | AE6: =IF(K6<20,0,IF(K6<25,20,IF(K6<30,40,IF(K6<=40,60+(K6-30)*3,60+30+(K6-40)*4)))) -> 0 | ... AL6: =IF(R6<20,0,IF(R6<25,20,IF(R6<30,40,IF(R6<=40,60+(R6-30)*3,60+30+(R6-40)*4)))) -> 0 | AM6: =SUM(X6:AL6) -> 0
A7: AQ10815 | B7: EL REGAD HIND | C7: MARAVILLA | S7: =SUM(D7:R7) -> 0 | T7: 1 | U7: AQ10815 | V7: EL REGAD HIND | W7: MARAVILLA | X7: =IF(D7<20,0,IF(D7<25,20,IF(D7<30,40,IF(D7<=40,60+(D7-30)*3,60+30+(D7-40)*4)))) -> 0 | Y7: =IF(E7<20,0,IF(E7<25,20,IF(E7<30,40,IF(E7<=40,60+(E7-30)*3,60+30+(E7-40)*4)))) -> 0 | Z7: =IF(F7<20,0,IF(F7<25,20,IF(F7<30,40,IF(F7<=40,60+(F7-30)*3,60+30+(F7-40)*4)))) -> 0 | AA7: =IF(G7<20,0,IF(G7<25,20,IF(G7<30,40,IF(G7<=40,60+(G7-30)*3,60+30+(G7-40)*4)))) -> 0 | AB7: =IF(H7<20,0,IF(H7<25,20,IF(H7<30,40,IF(H7<=40,60+(H7-30)*3,60+30+(H7-40)*4)))) -> 0 | AC7: =IF(I7<20,0,IF(I7<25,20,IF(I7<30,40,IF(I7<=40,60+(I7-30)*3,60+30+(I7-40)*4)))) -> 0 | AD7: =IF(J7<20,0,IF(J7<25,20,IF(J7<30,40,IF(J7<=40,60+(J7-30)*3,60+30+(J7-40)*4)))) -> 0 | AE7: =IF(K7<20,0,IF(K7<25,20,IF(K7<30,40,IF(K7<=40,60+(K7-30)*3,60+30+(K7-40)*4)))) -> 0 | ... AL7: =IF(R7<20,0,IF(R7<25,20,IF(R7<30,40,IF(R7<=40,60+(R7-30)*3,60+30+(R7-40)*4)))) -> 0 | AM7: =SUM(X7:AL7) -> 0
A8: AQ10816 | B8: AL ABDI BOUCHRA | C8: MARAVILLA | S8: =SUM(D8:R8) -> 0 | T8: 1 | U8: AQ10816 | V8: AL ABDI BOUCHRA | W8: MARAVILLA | X8: =IF(D8<20,0,IF(D8<25,20,IF(D8<30,40,IF(D8<=40,60+(D8-30)*3,60+30+(D8-40)*4)))) -> 0 | Y8: =IF(E8<20,0,IF(E8<25,20,IF(E8<30,40,IF(E8<=40,60+(E8-30)*3,60+30+(E8-40)*4)))) -> 0 | Z8: =IF(F8<20,0,IF(F8<25,20,IF(F8<30,40,IF(F8<=40,60+(F8-30)*3,60+30+(F8-40)*4)))) -> 0 | AA8: =IF(G8<20,0,IF(G8<25,20,IF(G8<30,40,IF(G8<=40,60+(G8-30)*3,60+30+(G8-40)*4)))) -> 0 | AB8: =IF(H8<20,0,IF(H8<25,20,IF(H8<30,40,IF(H8<=40,60+(H8-30)*3,60+30+(H8-40)*4)))) -> 0 | AC8: =IF(I8<20,0,IF(I8<25,20,IF(I8<30,40,IF(I8<=40,60+(I8-30)*3,60+30+(I8-40)*4)))) -> 0 | AD8: =IF(J8<20,0,IF(J8<25,20,IF(J8<30,40,IF(J8<=40,60+(J8-30)*3,60+30+(J8-40)*4)))) -> 0 | AE8: =IF(K8<20,0,IF(K8<25,20,IF(K8<30,40,IF(K8<=40,60+(K8-30)*3,60+30+(K8-40)*4)))) -> 0 | ... AL8: =IF(R8<20,0,IF(R8<25,20,IF(R8<30,40,IF(R8<=40,60+(R8-30)*3,60+30+(R8-40)*4)))) -> 0 | AM8: =SUM(X8:AL8) -> 0
A9: CA10539 | B9: BENAYAD ASSIA | C9: MARAVILLA | S9: =SUM(D9:R9) -> 0 | T9: 1 | U9: CA10539 | V9: BENAYAD ASSIA | W9: MARAVILLA | X9: =IF(D9<20,0,IF(D9<25,20,IF(D9<30,40,IF(D9<=40,60+(D9-30)*3,60+30+(D9-40)*4)))) -> 0 | Y9: =IF(E9<20,0,IF(E9<25,20,IF(E9<30,40,IF(E9<=40,60+(E9-30)*3,60+30+(E9-40)*4)))) -> 0 | Z9: =IF(F9<20,0,IF(F9<25,20,IF(F9<30,40,IF(F9<=40,60+(F9-30)*3,60+30+(F9-40)*4)))) -> 0 | AA9: =IF(G9<20,0,IF(G9<25,20,IF(G9<30,40,IF(G9<=40,60+(G9-30)*3,60+30+(G9-40)*4)))) -> 0 | AB9: =IF(H9<20,0,IF(H9<25,20,IF(H9<30,40,IF(H9<=40,60+(H9-30)*3,60+30+(H9-40)*4)))) -> 0 | AC9: =IF(I9<20,0,IF(I9<25,20,IF(I9<30,40,IF(I9<=40,60+(I9-30)*3,60+30+(I9-40)*4)))) -> 0 | AD9: =IF(J9<20,0,IF(J9<25,20,IF(J9<30,40,IF(J9<=40,60+(J9-30)*3,60+30+(J9-40)*4)))) -> 0 | AE9: =IF(K9<20,0,IF(K9<25,20,IF(K9<30,40,IF(K9<=40,60+(K9-30)*3,60+30+(K9-40)*4)))) -> 0 | ... AL9: =IF(R9<20,0,IF(R9<25,20,IF(R9<30,40,IF(R9<=40,60+(R9-30)*3,60+30+(R9-40)*4)))) -> 0 | AM9: =SUM(X9:AL9) -> 0
A10: CA10565 | B10: EL HAMAMI ZAKIA | C10: MARAVILLA | D10: 9 | E10: 9 | F10: 9 | G10: 10.5 | H10: 7.5 | J10: 39 | K10: 40.5 | L10: 57 | M10: 63 | S10: =SUM(D10:R10) -> 244.5 | T10: 1 | U10: CA10565 | V10: EL HAMAMI ZAKIA | W10: MARAVILLA | X10: =IF(D10<20,0,IF(D10<25,20,IF(D10<30,40,IF(D10<=40,60+(D10-30)*3,60+30+(D10-40)*4)))) -> 0 | Y10: =IF(E10<20,0,IF(E10<25,20,IF(E10<30,40,IF(E10<=40,60+(E10-30)*3,60+30+(E10-40)*4)))) -> 0 | Z10: =IF(F10<20,0,IF(F10<25,20,IF(F10<30,40,IF(F10<=40,60+(F10-30)*3,60+30+(F10-40)*4)))) -> 0 | AA10: =IF(G10<20,0,IF(G10<25,20,IF(G10<30,40,IF(G10<=40,60+(G10-30)*3,60+30+(G10-40)*4)))) -> 0 | AB10: =IF(H10<20,0,IF(H10<25,20,IF(H10<30,40,IF(H10<=40,60+(H10-30)*3,60+30+(H10-40)*4)))) -> 0 | AC10: =IF(I10<20,0,IF(I10<25,20,IF(I10<30,40,IF(I10<=40,60+(I10-30)*3,60+30+(I10-40)*4)))) -> 0 | AD10: =IF(J10<20,0,IF(J10<25,20,IF(J10<30,40,IF(J10<=40,60+(J10-30)*3,60+30+(J10-40)*4)))) -> 87 | AE10: =IF(K10<20,0,IF(K10<25,20,IF(K10<30,40,IF(K10<=40,60+(K10-30)*3,60+30+(K10-40)*4)))) -> 92 | ... AL10: =IF(R10<20,0,IF(R10<25,20,IF(R10<30,40,IF(R10<=40,60+(R10-30)*3,60+30+(R10-40)*4)))) -> 0 | AM10: =SUM(X10:AL10) -> 519
A11: CA10566 | B11: REGRAGUI GHITA | C11: MARAVILLA | D11: 9 | E11: 7.5 | F11: 9 | G11: 12 | I11: 22.5 | J11: 25.5 | K11: 39 | L11: 49.5 | M11: 51 | S11: =SUM(D11:R11) -> 225 | T11: 1 | U11: CA10566 | V11: REGRAGUI GHITA | W11: MARAVILLA | X11: =IF(D11<20,0,IF(D11<25,20,IF(D11<30,40,IF(D11<=40,60+(D11-30)*3,60+30+(D11-40)*4)))) -> 0 | Y11: =IF(E11<20,0,IF(E11<25,20,IF(E11<30,40,IF(E11<=40,60+(E11-30)*3,60+30+(E11-40)*4)))) -> 0 | Z11: =IF(F11<20,0,IF(F11<25,20,IF(F11<30,40,IF(F11<=40,60+(F11-30)*3,60+30+(F11-40)*4)))) -> 0 | AA11: =IF(G11<20,0,IF(G11<25,20,IF(G11<30,40,IF(G11<=40,60+(G11-30)*3,60+30+(G11-40)*4)))) -> 0 | AB11: =IF(H11<20,0,IF(H11<25,20,IF(H11<30,40,IF(H11<=40,60+(H11-30)*3,60+30+(H11-40)*4)))) -> 0 | AC11: =IF(I11<20,0,IF(I11<25,20,IF(I11<30,40,IF(I11<=40,60+(I11-30)*3,60+30+(I11-40)*4)))) -> 20 | AD11: =IF(J11<20,0,IF(J11<25,20,IF(J11<30,40,IF(J11<=40,60+(J11-30)*3,60+30+(J11-40)*4)))) -> 40 | AE11: =IF(K11<20,0,IF(K11<25,20,IF(K11<30,40,IF(K11<=40,60+(K11-30)*3,60+30+(K11-40)*4)))) -> 87 | ... AL11: =IF(R11<20,0,IF(R11<25,20,IF(R11<30,40,IF(R11<=40,60+(R11-30)*3,60+30+(R11-40)*4)))) -> 0 | AM11: =SUM(X11:AL11) -> 409
A12: CA10567 | B12: FERJANI ZOUHRA | C12: MARAVILLA | E12: 6 | F12: 6 | G12: 9 | H12: 4.5 | M12: 33 | S12: =SUM(D12:R12) -> 58.5 | T12: 1 | U12: CA10567 | V12: FERJANI ZOUHRA | W12: MARAVILLA | X12: =IF(D12<20,0,IF(D12<25,20,IF(D12<30,40,IF(D12<=40,60+(D12-30)*3,60+30+(D12-40)*4)))) -> 0 | Y12: =IF(E12<20,0,IF(E12<25,20,IF(E12<30,40,IF(E12<=40,60+(E12-30)*3,60+30+(E12-40)*4)))) -> 0 | Z12: =IF(F12<20,0,IF(F12<25,20,IF(F12<30,40,IF(F12<=40,60+(F12-30)*3,60+30+(F12-40)*4)))) -> 0 | AA12: =IF(G12<20,0,IF(G12<25,20,IF(G12<30,40,IF(G12<=40,60+(G12-30)*3,60+30+(G12-40)*4)))) -> 0 | AB12: =IF(H12<20,0,IF(H12<25,20,IF(H12<30,40,IF(H12<=40,60+(H12-30)*3,60+30+(H12-40)*4)))) -> 0 | AC12: =IF(I12<20,0,IF(I12<25,20,IF(I12<30,40,IF(I12<=40,60+(I12-30)*3,60+30+(I12-40)*4)))) -> 0 | AD12: =IF(J12<20,0,IF(J12<25,20,IF(J12<30,40,IF(J12<=40,60+(J12-30)*3,60+30+(J12-40)*4)))) -> 0 | AE12: =IF(K12<20,0,IF(K12<25,20,IF(K12<30,40,IF(K12<=40,60+(K12-30)*3,60+30+(K12-40)*4)))) -> 0 | ... AL12: =IF(R12<20,0,IF(R12<25,20,IF(R12<30,40,IF(R12<=40,60+(R12-30)*3,60+30+(R12-40)*4)))) -> 0 | AM12: =SUM(X12:AL12) -> 69
A13: CA10569 | B13: EL BOUAINI ABDENBI | C13: MARAVILLA | K13: 19.5 | L13: 48 | M13: 40.5 | S13: =SUM(D13:R13) -> 108 | T13: 1 | U13: CA10569 | V13: EL BOUAINI ABDENBI | W13: MARAVILLA | X13: =IF(D13<20,0,IF(D13<25,20,IF(D13<30,40,IF(D13<=40,60+(D13-30)*3,60+30+(D13-40)*4)))) -> 0 | Y13: =IF(E13<20,0,IF(E13<25,20,IF(E13<30,40,IF(E13<=40,60+(E13-30)*3,60+30+(E13-40)*4)))) -> 0 | Z13: =IF(F13<20,0,IF(F13<25,20,IF(F13<30,40,IF(F13<=40,60+(F13-30)*3,60+30+(F13-40)*4)))) -> 0 | AA13: =IF(G13<20,0,IF(G13<25,20,IF(G13<30,40,IF(G13<=40,60+(G13-30)*3,60+30+(G13-40)*4)))) -> 0 | AB13: =IF(H13<20,0,IF(H13<25,20,IF(H13<30,40,IF(H13<=40,60+(H13-30)*3,60+30+(H13-40)*4)))) -> 0 | AC13: =IF(I13<20,0,IF(I13<25,20,IF(I13<30,40,IF(I13<=40,60+(I13-30)*3,60+30+(I13-40)*4)))) -> 0 | AD13: =IF(J13<20,0,IF(J13<25,20,IF(J13<30,40,IF(J13<=40,60+(J13-30)*3,60+30+(J13-40)*4)))) -> 0 | AE13: =IF(K13<20,0,IF(K13<25,20,IF(K13<30,40,IF(K13<=40,60+(K13-30)*3,60+30+(K13-40)*4)))) -> 0 | ... AL13: =IF(R13<20,0,IF(R13<25,20,IF(R13<30,40,IF(R13<=40,60+(R13-30)*3,60+30+(R13-40)*4)))) -> 0 | AM13: =SUM(X13:AL13) -> 214
A14: CA10657 | B14: EL HAMAMI MOHAMED | C14: MARAVILLA | K14: 19.5 | L14: 27 | S14: =SUM(D14:R14) -> 46.5 | T14: 1 | U14: CA10657 | V14: EL HAMAMI MOHAMED | W14: MARAVILLA | X14: =IF(D14<20,0,IF(D14<25,20,IF(D14<30,40,IF(D14<=40,60+(D14-30)*3,60+30+(D14-40)*4)))) -> 0 | Y14: =IF(E14<20,0,IF(E14<25,20,IF(E14<30,40,IF(E14<=40,60+(E14-30)*3,60+30+(E14-40)*4)))) -> 0 | Z14: =IF(F14<20,0,IF(F14<25,20,IF(F14<30,40,IF(F14<=40,60+(F14-30)*3,60+30+(F14-40)*4)))) -> 0 | AA14: =IF(G14<20,0,IF(G14<25,20,IF(G14<30,40,IF(G14<=40,60+(G14-30)*3,60+30+(G14-40)*4)))) -> 0 | AB14: =IF(H14<20,0,IF(H14<25,20,IF(H14<30,40,IF(H14<=40,60+(H14-30)*3,60+30+(H14-40)*4)))) -> 0 | AC14: =IF(I14<20,0,IF(I14<25,20,IF(I14<30,40,IF(I14<=40,60+(I14-30)*3,60+30+(I14-40)*4)))) -> 0 | AD14: =IF(J14<20,0,IF(J14<25,20,IF(J14<30,40,IF(J14<=40,60+(J14-30)*3,60+30+(J14-40)*4)))) -> 0 | AE14: =IF(K14<20,0,IF(K14<25,20,IF(K14<30,40,IF(K14<=40,60+(K14-30)*3,60+30+(K14-40)*4)))) -> 0 | ... AL14: =IF(R14<20,0,IF(R14<25,20,IF(R14<30,40,IF(R14<=40,60+(R14-30)*3,60+30+(R14-40)*4)))) -> 0 | AM14: =SUM(X14:AL14) -> 40
A15: CA10700 | B15: HAFOUDA ILIYASS | C15: MARAVILLA | S15: =SUM(D15:R15) -> 0 | T15: 1 | U15: CA10700 | V15: HAFOUDA ILIYASS | W15: MARAVILLA | X15: =IF(D15<20,0,IF(D15<25,20,IF(D15<30,40,IF(D15<=40,60+(D15-30)*3,60+30+(D15-40)*4)))) -> 0 | Y15: =IF(E15<20,0,IF(E15<25,20,IF(E15<30,40,IF(E15<=40,60+(E15-30)*3,60+30+(E15-40)*4)))) -> 0 | Z15: =IF(F15<20,0,IF(F15<25,20,IF(F15<30,40,IF(F15<=40,60+(F15-30)*3,60+30+(F15-40)*4)))) -> 0 | AA15: =IF(G15<20,0,IF(G15<25,20,IF(G15<30,40,IF(G15<=40,60+(G15-30)*3,60+30+(G15-40)*4)))) -> 0 | AB15: =IF(H15<20,0,IF(H15<25,20,IF(H15<30,40,IF(H15<=40,60+(H15-30)*3,60+30+(H15-40)*4)))) -> 0 | AC15: =IF(I15<20,0,IF(I15<25,20,IF(I15<30,40,IF(I15<=40,60+(I15-30)*3,60+30+(I15-40)*4)))) -> 0 | AD15: =IF(J15<20,0,IF(J15<25,20,IF(J15<30,40,IF(J15<=40,60+(J15-30)*3,60+30+(J15-40)*4)))) -> 0 | AE15: =IF(K15<20,0,IF(K15<25,20,IF(K15<30,40,IF(K15<=40,60+(K15-30)*3,60+30+(K15-40)*4)))) -> 0 | ... AL15: =IF(R15<20,0,IF(R15<25,20,IF(R15<30,40,IF(R15<=40,60+(R15-30)*3,60+30+(R15-40)*4)))) -> 0 | AM15: =SUM(X15:AL15) -> 0
A16: CA10755 | B16: ASSILA KARIM | C16: MARAVILLA | K16: 15 | L16: 48 | M16: 36 | S16: =SUM(D16:R16) -> 99 | T16: 1 | U16: CA10755 | V16: ASSILA KARIM | W16: MARAVILLA | X16: =IF(D16<20,0,IF(D16<25,20,IF(D16<30,40,IF(D16<=40,60+(D16-30)*3,60+30+(D16-40)*4)))) -> 0 | Y16: =IF(E16<20,0,IF(E16<25,20,IF(E16<30,40,IF(E16<=40,60+(E16-30)*3,60+30+(E16-40)*4)))) -> 0 | Z16: =IF(F16<20,0,IF(F16<25,20,IF(F16<30,40,IF(F16<=40,60+(F16-30)*3,60+30+(F16-40)*4)))) -> 0 | AA16: =IF(G16<20,0,IF(G16<25,20,IF(G16<30,40,IF(G16<=40,60+(G16-30)*3,60+30+(G16-40)*4)))) -> 0 | AB16: =IF(H16<20,0,IF(H16<25,20,IF(H16<30,40,IF(H16<=40,60+(H16-30)*3,60+30+(H16-40)*4)))) -> 0 | AC16: =IF(I16<20,0,IF(I16<25,20,IF(I16<30,40,IF(I16<=40,60+(I16-30)*3,60+30+(I16-40)*4)))) -> 0 | AD16: =IF(J16<20,0,IF(J16<25,20,IF(J16<30,40,IF(J16<=40,60+(J16-30)*3,60+30+(J16-40)*4)))) -> 0 | AE16: =IF(K16<20,0,IF(K16<25,20,IF(K16<30,40,IF(K16<=40,60+(K16-30)*3,60+30+(K16-40)*4)))) -> 0 | ... AL16: =IF(R16<20,0,IF(R16<25,20,IF(R16<30,40,IF(R16<=40,60+(R16-30)*3,60+30+(R16-40)*4)))) -> 0 | AM16: =SUM(X16:AL16) -> 200
A17: CA10766 | B17: ZAOUY MOHAMED | C17: MARAVILLA | S17: =SUM(D17:R17) -> 0 | T17: 1 | U17: CA10766 | V17: ZAOUY MOHAMED | W17: MARAVILLA | X17: =IF(D17<20,0,IF(D17<25,20,IF(D17<30,40,IF(D17<=40,60+(D17-30)*3,60+30+(D17-40)*4)))) -> 0 | Y17: =IF(E17<20,0,IF(E17<25,20,IF(E17<30,40,IF(E17<=40,60+(E17-30)*3,60+30+(E17-40)*4)))) -> 0 | Z17: =IF(F17<20,0,IF(F17<25,20,IF(F17<30,40,IF(F17<=40,60+(F17-30)*3,60+30+(F17-40)*4)))) -> 0 | AA17: =IF(G17<20,0,IF(G17<25,20,IF(G17<30,40,IF(G17<=40,60+(G17-30)*3,60+30+(G17-40)*4)))) -> 0 | AB17: =IF(H17<20,0,IF(H17<25,20,IF(H17<30,40,IF(H17<=40,60+(H17-30)*3,60+30+(H17-40)*4)))) -> 0 | AC17: =IF(I17<20,0,IF(I17<25,20,IF(I17<30,40,IF(I17<=40,60+(I17-30)*3,60+30+(I17-40)*4)))) -> 0 | AD17: =IF(J17<20,0,IF(J17<25,20,IF(J17<30,40,IF(J17<=40,60+(J17-30)*3,60+30+(J17-40)*4)))) -> 0 | AE17: =IF(K17<20,0,IF(K17<25,20,IF(K17<30,40,IF(K17<=40,60+(K17-30)*3,60+30+(K17-40)*4)))) -> 0 | ... AL17: =IF(R17<20,0,IF(R17<25,20,IF(R17<30,40,IF(R17<=40,60+(R17-30)*3,60+30+(R17-40)*4)))) -> 0 | AM17: =SUM(X17:AL17) -> 0
A18: CA10850 | B18: CHAFIK SOUAD | C18: MARAVILLA | F18: 7.5 | G18: 6 | H18: 6 | I18: 13.5 | J18: 16.5 | K18: 30 | M18: 36 | S18: =SUM(D18:R18) -> 115.5 | T18: 1 | U18: CA10850 | V18: CHAFIK SOUAD | W18: MARAVILLA | X18: =IF(D18<20,0,IF(D18<25,20,IF(D18<30,40,IF(D18<=40,60+(D18-30)*3,60+30+(D18-40)*4)))) -> 0 | Y18: =IF(E18<20,0,IF(E18<25,20,IF(E18<30,40,IF(E18<=40,60+(E18-30)*3,60+30+(E18-40)*4)))) -> 0 | Z18: =IF(F18<20,0,IF(F18<25,20,IF(F18<30,40,IF(F18<=40,60+(F18-30)*3,60+30+(F18-40)*4)))) -> 0 | AA18: =IF(G18<20,0,IF(G18<25,20,IF(G18<30,40,IF(G18<=40,60+(G18-30)*3,60+30+(G18-40)*4)))) -> 0 | AB18: =IF(H18<20,0,IF(H18<25,20,IF(H18<30,40,IF(H18<=40,60+(H18-30)*3,60+30+(H18-40)*4)))) -> 0 | AC18: =IF(I18<20,0,IF(I18<25,20,IF(I18<30,40,IF(I18<=40,60+(I18-30)*3,60+30+(I18-40)*4)))) -> 0 | AD18: =IF(J18<20,0,IF(J18<25,20,IF(J18<30,40,IF(J18<=40,60+(J18-30)*3,60+30+(J18-40)*4)))) -> 0 | AE18: =IF(K18<20,0,IF(K18<25,20,IF(K18<30,40,IF(K18<=40,60+(K18-30)*3,60+30+(K18-40)*4)))) -> 60 | ... AL18: =IF(R18<20,0,IF(R18<25,20,IF(R18<30,40,IF(R18<=40,60+(R18-30)*3,60+30+(R18-40)*4)))) -> 0 | AM18: =SUM(X18:AL18) -> 138
A19: CA10907 | B19: AARIOUA OUMAIMA | C19: MARAVILLA | L19: 48 | M19: 46.5 | S19: =SUM(D19:R19) -> 94.5 | T19: 1 | U19: CA10907 | V19: AARIOUA OUMAIMA | W19: MARAVILLA | X19: =IF(D19<20,0,IF(D19<25,20,IF(D19<30,40,IF(D19<=40,60+(D19-30)*3,60+30+(D19-40)*4)))) -> 0 | Y19: =IF(E19<20,0,IF(E19<25,20,IF(E19<30,40,IF(E19<=40,60+(E19-30)*3,60+30+(E19-40)*4)))) -> 0 | Z19: =IF(F19<20,0,IF(F19<25,20,IF(F19<30,40,IF(F19<=40,60+(F19-30)*3,60+30+(F19-40)*4)))) -> 0 | AA19: =IF(G19<20,0,IF(G19<25,20,IF(G19<30,40,IF(G19<=40,60+(G19-30)*3,60+30+(G19-40)*4)))) -> 0 | AB19: =IF(H19<20,0,IF(H19<25,20,IF(H19<30,40,IF(H19<=40,60+(H19-30)*3,60+30+(H19-40)*4)))) -> 0 | AC19: =IF(I19<20,0,IF(I19<25,20,IF(I19<30,40,IF(I19<=40,60+(I19-30)*3,60+30+(I19-40)*4)))) -> 0 | AD19: =IF(J19<20,0,IF(J19<25,20,IF(J19<30,40,IF(J19<=40,60+(J19-30)*3,60+30+(J19-40)*4)))) -> 0 | AE19: =IF(K19<20,0,IF(K19<25,20,IF(K19<30,40,IF(K19<=40,60+(K19-30)*3,60+30+(K19-40)*4)))) -> 0 | ... AL19: =IF(R19<20,0,IF(R19<25,20,IF(R19<30,40,IF(R19<=40,60+(R19-30)*3,60+30+(R19-40)*4)))) -> 0 | AM19: =SUM(X19:AL19) -> 238
A20: CC10049 | B20: KHADDI IBRAHIIM | C20: MARAVILLA | S20: =SUM(D20:R20) -> 0 | T20: 1 | U20: CC10049 | V20: KHADDI IBRAHIIM | W20: MARAVILLA | X20: =IF(D20<20,0,IF(D20<25,20,IF(D20<30,40,IF(D20<=40,60+(D20-30)*3,60+30+(D20-40)*4)))) -> 0 | Y20: =IF(E20<20,0,IF(E20<25,20,IF(E20<30,40,IF(E20<=40,60+(E20-30)*3,60+30+(E20-40)*4)))) -> 0 | Z20: =IF(F20<20,0,IF(F20<25,20,IF(F20<30,40,IF(F20<=40,60+(F20-30)*3,60+30+(F20-40)*4)))) -> 0 | AA20: =IF(G20<20,0,IF(G20<25,20,IF(G20<30,40,IF(G20<=40,60+(G20-30)*3,60+30+(G20-40)*4)))) -> 0 | AB20: =IF(H20<20,0,IF(H20<25,20,IF(H20<30,40,IF(H20<=40,60+(H20-30)*3,60+30+(H20-40)*4)))) -> 0 | AC20: =IF(I20<20,0,IF(I20<25,20,IF(I20<30,40,IF(I20<=40,60+(I20-30)*3,60+30+(I20-40)*4)))) -> 0 | AD20: =IF(J20<20,0,IF(J20<25,20,IF(J20<30,40,IF(J20<=40,60+(J20-30)*3,60+30+(J20-40)*4)))) -> 0 | AE20: =IF(K20<20,0,IF(K20<25,20,IF(K20<30,40,IF(K20<=40,60+(K20-30)*3,60+30+(K20-40)*4)))) -> 0 | ... AL20: =IF(R20<20,0,IF(R20<25,20,IF(R20<30,40,IF(R20<=40,60+(R20-30)*3,60+30+(R20-40)*4)))) -> 0 | AM20: =SUM(X20:AL20) -> 0
A21: CC10557 | B21: LARHRISSI BADR | C21: MARAVILLA | S21: =SUM(D21:R21) -> 0 | T21: 1 | U21: CC10557 | V21: LARHRISSI BADR | W21: MARAVILLA | X21: =IF(D21<20,0,IF(D21<25,20,IF(D21<30,40,IF(D21<=40,60+(D21-30)*3,60+30+(D21-40)*4)))) -> 0 | Y21: =IF(E21<20,0,IF(E21<25,20,IF(E21<30,40,IF(E21<=40,60+(E21-30)*3,60+30+(E21-40)*4)))) -> 0 | Z21: =IF(F21<20,0,IF(F21<25,20,IF(F21<30,40,IF(F21<=40,60+(F21-30)*3,60+30+(F21-40)*4)))) -> 0 | AA21: =IF(G21<20,0,IF(G21<25,20,IF(G21<30,40,IF(G21<=40,60+(G21-30)*3,60+30+(G21-40)*4)))) -> 0 | AB21: =IF(H21<20,0,IF(H21<25,20,IF(H21<30,40,IF(H21<=40,60+(H21-30)*3,60+30+(H21-40)*4)))) -> 0 | AC21: =IF(I21<20,0,IF(I21<25,20,IF(I21<30,40,IF(I21<=40,60+(I21-30)*3,60+30+(I21-40)*4)))) -> 0 | AD21: =IF(J21<20,0,IF(J21<25,20,IF(J21<30,40,IF(J21<=40,60+(J21-30)*3,60+30+(J21-40)*4)))) -> 0 | AE21: =IF(K21<20,0,IF(K21<25,20,IF(K21<30,40,IF(K21<=40,60+(K21-30)*3,60+30+(K21-40)*4)))) -> 0 | ... AL21: =IF(R21<20,0,IF(R21<25,20,IF(R21<30,40,IF(R21<=40,60+(R21-30)*3,60+30+(R21-40)*4)))) -> 0 | AM21: =SUM(X21:AL21) -> 0
A22: CC10839 | B22: EL HARBAOUI HASSAN | C22: MARAVILLA | I22: 3 | S22: =SUM(D22:R22) -> 3 | T22: 1 | U22: CC10839 | V22: EL HARBAOUI HASSAN | W22: MARAVILLA | X22: =IF(D22<20,0,IF(D22<25,20,IF(D22<30,40,IF(D22<=40,60+(D22-30)*3,60+30+(D22-40)*4)))) -> 0 | Y22: =IF(E22<20,0,IF(E22<25,20,IF(E22<30,40,IF(E22<=40,60+(E22-30)*3,60+30+(E22-40)*4)))) -> 0 | Z22: =IF(F22<20,0,IF(F22<25,20,IF(F22<30,40,IF(F22<=40,60+(F22-30)*3,60+30+(F22-40)*4)))) -> 0 | AA22: =IF(G22<20,0,IF(G22<25,20,IF(G22<30,40,IF(G22<=40,60+(G22-30)*3,60+30+(G22-40)*4)))) -> 0 | AB22: =IF(H22<20,0,IF(H22<25,20,IF(H22<30,40,IF(H22<=40,60+(H22-30)*3,60+30+(H22-40)*4)))) -> 0 | AC22: =IF(I22<20,0,IF(I22<25,20,IF(I22<30,40,IF(I22<=40,60+(I22-30)*3,60+30+(I22-40)*4)))) -> 0 | AD22: =IF(J22<20,0,IF(J22<25,20,IF(J22<30,40,IF(J22<=40,60+(J22-30)*3,60+30+(J22-40)*4)))) -> 0 | AE22: =IF(K22<20,0,IF(K22<25,20,IF(K22<30,40,IF(K22<=40,60+(K22-30)*3,60+30+(K22-40)*4)))) -> 0 | ... AL22: =IF(R22<20,0,IF(R22<25,20,IF(R22<30,40,IF(R22<=40,60+(R22-30)*3,60+30+(R22-40)*4)))) -> 0 | AM22: =SUM(X22:AL22) -> 0
A23: DD10113 | B23: BENZAINA HASSAN | C23: MARAVILLA | M23: 25.5 | S23: =SUM(D23:R23) -> 25.5 | T23: 1 | U23: DD10113 | V23: BENZAINA HASSAN | W23: MARAVILLA | X23: =IF(D23<20,0,IF(D23<25,20,IF(D23<30,40,IF(D23<=40,60+(D23-30)*3,60+30+(D23-40)*4)))) -> 0 | Y23: =IF(E23<20,0,IF(E23<25,20,IF(E23<30,40,IF(E23<=40,60+(E23-30)*3,60+30+(E23-40)*4)))) -> 0 | Z23: =IF(F23<20,0,IF(F23<25,20,IF(F23<30,40,IF(F23<=40,60+(F23-30)*3,60+30+(F23-40)*4)))) -> 0 | AA23: =IF(G23<20,0,IF(G23<25,20,IF(G23<30,40,IF(G23<=40,60+(G23-30)*3,60+30+(G23-40)*4)))) -> 0 | AB23: =IF(H23<20,0,IF(H23<25,20,IF(H23<30,40,IF(H23<=40,60+(H23-30)*3,60+30+(H23-40)*4)))) -> 0 | AC23: =IF(I23<20,0,IF(I23<25,20,IF(I23<30,40,IF(I23<=40,60+(I23-30)*3,60+30+(I23-40)*4)))) -> 0 | AD23: =IF(J23<20,0,IF(J23<25,20,IF(J23<30,40,IF(J23<=40,60+(J23-30)*3,60+30+(J23-40)*4)))) -> 0 | AE23: =IF(K23<20,0,IF(K23<25,20,IF(K23<30,40,IF(K23<=40,60+(K23-30)*3,60+30+(K23-40)*4)))) -> 0 | ... AL23: =IF(R23<20,0,IF(R23<25,20,IF(R23<30,40,IF(R23<=40,60+(R23-30)*3,60+30+(R23-40)*4)))) -> 0 | AM23: =SUM(X23:AL23) -> 40
A24: DD10115 | B24: MOUMAN ABDELGHANI | C24: MARAVILLA | M24: 15 | S24: =SUM(D24:R24) -> 15 | T24: 1 | U24: DD10115 | V24: MOUMAN ABDELGHANI | W24: MARAVILLA | X24: =IF(D24<20,0,IF(D24<25,20,IF(D24<30,40,IF(D24<=40,60+(D24-30)*3,60+30+(D24-40)*4)))) -> 0 | Y24: =IF(E24<20,0,IF(E24<25,20,IF(E24<30,40,IF(E24<=40,60+(E24-30)*3,60+30+(E24-40)*4)))) -> 0 | Z24: =IF(F24<20,0,IF(F24<25,20,IF(F24<30,40,IF(F24<=40,60+(F24-30)*3,60+30+(F24-40)*4)))) -> 0 | AA24: =IF(G24<20,0,IF(G24<25,20,IF(G24<30,40,IF(G24<=40,60+(G24-30)*3,60+30+(G24-40)*4)))) -> 0 | AB24: =IF(H24<20,0,IF(H24<25,20,IF(H24<30,40,IF(H24<=40,60+(H24-30)*3,60+30+(H24-40)*4)))) -> 0 | AC24: =IF(I24<20,0,IF(I24<25,20,IF(I24<30,40,IF(I24<=40,60+(I24-30)*3,60+30+(I24-40)*4)))) -> 0 | AD24: =IF(J24<20,0,IF(J24<25,20,IF(J24<30,40,IF(J24<=40,60+(J24-30)*3,60+30+(J24-40)*4)))) -> 0 | AE24: =IF(K24<20,0,IF(K24<25,20,IF(K24<30,40,IF(K24<=40,60+(K24-30)*3,60+30+(K24-40)*4)))) -> 0 | ... AL24: =IF(R24<20,0,IF(R24<25,20,IF(R24<30,40,IF(R24<=40,60+(R24-30)*3,60+30+(R24-40)*4)))) -> 0 | AM24: =SUM(X24:AL24) -> 0
A25: DD10245 | B25: ANNAICH MOHAMMED | C25: MARAVILLA | M25: 13.5 | S25: =SUM(D25:R25) -> 13.5 | T25: 1 | U25: DD10245 | V25: ANNAICH MOHAMMED | W25: MARAVILLA | X25: =IF(D25<20,0,IF(D25<25,20,IF(D25<30,40,IF(D25<=40,60+(D25-30)*3,60+30+(D25-40)*4)))) -> 0 | Y25: =IF(E25<20,0,IF(E25<25,20,IF(E25<30,40,IF(E25<=40,60+(E25-30)*3,60+30+(E25-40)*4)))) -> 0 | Z25: =IF(F25<20,0,IF(F25<25,20,IF(F25<30,40,IF(F25<=40,60+(F25-30)*3,60+30+(F25-40)*4)))) -> 0 | AA25: =IF(G25<20,0,IF(G25<25,20,IF(G25<30,40,IF(G25<=40,60+(G25-30)*3,60+30+(G25-40)*4)))) -> 0 | AB25: =IF(H25<20,0,IF(H25<25,20,IF(H25<30,40,IF(H25<=40,60+(H25-30)*3,60+30+(H25-40)*4)))) -> 0 | AC25: =IF(I25<20,0,IF(I25<25,20,IF(I25<30,40,IF(I25<=40,60+(I25-30)*3,60+30+(I25-40)*4)))) -> 0 | AD25: =IF(J25<20,0,IF(J25<25,20,IF(J25<30,40,IF(J25<=40,60+(J25-30)*3,60+30+(J25-40)*4)))) -> 0 | AE25: =IF(K25<20,0,IF(K25<25,20,IF(K25<30,40,IF(K25<=40,60+(K25-30)*3,60+30+(K25-40)*4)))) -> 0 | ... AL25: =IF(R25<20,0,IF(R25<25,20,IF(R25<30,40,IF(R25<=40,60+(R25-30)*3,60+30+(R25-40)*4)))) -> 0 | AM25: =SUM(X25:AL25) -> 0
A26: DD10439 | B26: KALLALI MOHAMED | C26: MARAVILLA | S26: =SUM(D26:R26) -> 0 | T26: 1 | U26: DD10439 | V26: KALLALI MOHAMED | W26: MARAVILLA | X26: =IF(D26<20,0,IF(D26<25,20,IF(D26<30,40,IF(D26<=40,60+(D26-30)*3,60+30+(D26-40)*4)))) -> 0 | Y26: =IF(E26<20,0,IF(E26<25,20,IF(E26<30,40,IF(E26<=40,60+(E26-30)*3,60+30+(E26-40)*4)))) -> 0 | Z26: =IF(F26<20,0,IF(F26<25,20,IF(F26<30,40,IF(F26<=40,60+(F26-30)*3,60+30+(F26-40)*4)))) -> 0 | AA26: =IF(G26<20,0,IF(G26<25,20,IF(G26<30,40,IF(G26<=40,60+(G26-30)*3,60+30+(G26-40)*4)))) -> 0 | AB26: =IF(H26<20,0,IF(H26<25,20,IF(H26<30,40,IF(H26<=40,60+(H26-30)*3,60+30+(H26-40)*4)))) -> 0 | AC26: =IF(I26<20,0,IF(I26<25,20,IF(I26<30,40,IF(I26<=40,60+(I26-30)*3,60+30+(I26-40)*4)))) -> 0 | AD26: =IF(J26<20,0,IF(J26<25,20,IF(J26<30,40,IF(J26<=40,60+(J26-30)*3,60+30+(J26-40)*4)))) -> 0 | AE26: =IF(K26<20,0,IF(K26<25,20,IF(K26<30,40,IF(K26<=40,60+(K26-30)*3,60+30+(K26-40)*4)))) -> 0 | ... AL26: =IF(R26<20,0,IF(R26<25,20,IF(R26<30,40,IF(R26<=40,60+(R26-30)*3,60+30+(R26-40)*4)))) -> 0 | AM26: =SUM(X26:AL26) -> 0
A27: DD10517 | B27: KALALI NOURDINNE | C27: MARAVILLA | S27: =SUM(D27:R27) -> 0 | T27: 1 | U27: DD10517 | V27: KALALI NOURDINNE | W27: MARAVILLA | X27: =IF(D27<20,0,IF(D27<25,20,IF(D27<30,40,IF(D27<=40,60+(D27-30)*3,60+30+(D27-40)*4)))) -> 0 | Y27: =IF(E27<20,0,IF(E27<25,20,IF(E27<30,40,IF(E27<=40,60+(E27-30)*3,60+30+(E27-40)*4)))) -> 0 | Z27: =IF(F27<20,0,IF(F27<25,20,IF(F27<30,40,IF(F27<=40,60+(F27-30)*3,60+30+(F27-40)*4)))) -> 0 | AA27: =IF(G27<20,0,IF(G27<25,20,IF(G27<30,40,IF(G27<=40,60+(G27-30)*3,60+30+(G27-40)*4)))) -> 0 | AB27: =IF(H27<20,0,IF(H27<25,20,IF(H27<30,40,IF(H27<=40,60+(H27-30)*3,60+30+(H27-40)*4)))) -> 0 | AC27: =IF(I27<20,0,IF(I27<25,20,IF(I27<30,40,IF(I27<=40,60+(I27-30)*3,60+30+(I27-40)*4)))) -> 0 | AD27: =IF(J27<20,0,IF(J27<25,20,IF(J27<30,40,IF(J27<=40,60+(J27-30)*3,60+30+(J27-40)*4)))) -> 0 | AE27: =IF(K27<20,0,IF(K27<25,20,IF(K27<30,40,IF(K27<=40,60+(K27-30)*3,60+30+(K27-40)*4)))) -> 0 | ... AL27: =IF(R27<20,0,IF(R27<25,20,IF(R27<30,40,IF(R27<=40,60+(R27-30)*3,60+30+(R27-40)*4)))) -> 0 | AM27: =SUM(X27:AL27) -> 0
A28: DD10518 | B28: EL BAZZA MOUHSSINE | C28: MARAVILLA | S28: =SUM(D28:R28) -> 0 | T28: 1 | U28: DD10518 | V28: EL BAZZA MOUHSSINE | W28: MARAVILLA | X28: =IF(D28<20,0,IF(D28<25,20,IF(D28<30,40,IF(D28<=40,60+(D28-30)*3,60+30+(D28-40)*4)))) -> 0 | Y28: =IF(E28<20,0,IF(E28<25,20,IF(E28<30,40,IF(E28<=40,60+(E28-30)*3,60+30+(E28-40)*4)))) -> 0 | Z28: =IF(F28<20,0,IF(F28<25,20,IF(F28<30,40,IF(F28<=40,60+(F28-30)*3,60+30+(F28-40)*4)))) -> 0 | AA28: =IF(G28<20,0,IF(G28<25,20,IF(G28<30,40,IF(G28<=40,60+(G28-30)*3,60+30+(G28-40)*4)))) -> 0 | AB28: =IF(H28<20,0,IF(H28<25,20,IF(H28<30,40,IF(H28<=40,60+(H28-30)*3,60+30+(H28-40)*4)))) -> 0 | AC28: =IF(I28<20,0,IF(I28<25,20,IF(I28<30,40,IF(I28<=40,60+(I28-30)*3,60+30+(I28-40)*4)))) -> 0 | AD28: =IF(J28<20,0,IF(J28<25,20,IF(J28<30,40,IF(J28<=40,60+(J28-30)*3,60+30+(J28-40)*4)))) -> 0 | AE28: =IF(K28<20,0,IF(K28<25,20,IF(K28<30,40,IF(K28<=40,60+(K28-30)*3,60+30+(K28-40)*4)))) -> 0 | ... AL28: =IF(R28<20,0,IF(R28<25,20,IF(R28<30,40,IF(R28<=40,60+(R28-30)*3,60+30+(R28-40)*4)))) -> 0 | AM28: =SUM(X28:AL28) -> 0
A29: DD10519 | B29: EL AYDI RACHID | C29: MARAVILLA | M29: 18 | S29: =SUM(D29:R29) -> 18 | T29: 1 | U29: DD10519 | V29: EL AYDI RACHID | W29: MARAVILLA | X29: =IF(D29<20,0,IF(D29<25,20,IF(D29<30,40,IF(D29<=40,60+(D29-30)*3,60+30+(D29-40)*4)))) -> 0 | Y29: =IF(E29<20,0,IF(E29<25,20,IF(E29<30,40,IF(E29<=40,60+(E29-30)*3,60+30+(E29-40)*4)))) -> 0 | Z29: =IF(F29<20,0,IF(F29<25,20,IF(F29<30,40,IF(F29<=40,60+(F29-30)*3,60+30+(F29-40)*4)))) -> 0 | AA29: =IF(G29<20,0,IF(G29<25,20,IF(G29<30,40,IF(G29<=40,60+(G29-30)*3,60+30+(G29-40)*4)))) -> 0 | AB29: =IF(H29<20,0,IF(H29<25,20,IF(H29<30,40,IF(H29<=40,60+(H29-30)*3,60+30+(H29-40)*4)))) -> 0 | AC29: =IF(I29<20,0,IF(I29<25,20,IF(I29<30,40,IF(I29<=40,60+(I29-30)*3,60+30+(I29-40)*4)))) -> 0 | AD29: =IF(J29<20,0,IF(J29<25,20,IF(J29<30,40,IF(J29<=40,60+(J29-30)*3,60+30+(J29-40)*4)))) -> 0 | AE29: =IF(K29<20,0,IF(K29<25,20,IF(K29<30,40,IF(K29<=40,60+(K29-30)*3,60+30+(K29-40)*4)))) -> 0 | ... AL29: =IF(R29<20,0,IF(R29<25,20,IF(R29<30,40,IF(R29<=40,60+(R29-30)*3,60+30+(R29-40)*4)))) -> 0 | AM29: =SUM(X29:AL29) -> 0
A30: DD10524 | B30: ZAABOUL MOHAMED | C30: MARAVILLA | M30: 25.5 | S30: =SUM(D30:R30) -> 25.5 | T30: 1 | U30: DD10524 | V30: ZAABOUL MOHAMED | W30: MARAVILLA | X30: =IF(D30<20,0,IF(D30<25,20,IF(D30<30,40,IF(D30<=40,60+(D30-30)*3,60+30+(D30-40)*4)))) -> 0 | Y30: =IF(E30<20,0,IF(E30<25,20,IF(E30<30,40,IF(E30<=40,60+(E30-30)*3,60+30+(E30-40)*4)))) -> 0 | Z30: =IF(F30<20,0,IF(F30<25,20,IF(F30<30,40,IF(F30<=40,60+(F30-30)*3,60+30+(F30-40)*4)))) -> 0 | AA30: =IF(G30<20,0,IF(G30<25,20,IF(G30<30,40,IF(G30<=40,60+(G30-30)*3,60+30+(G30-40)*4)))) -> 0 | AB30: =IF(H30<20,0,IF(H30<25,20,IF(H30<30,40,IF(H30<=40,60+(H30-30)*3,60+30+(H30-40)*4)))) -> 0 | AC30: =IF(I30<20,0,IF(I30<25,20,IF(I30<30,40,IF(I30<=40,60+(I30-30)*3,60+30+(I30-40)*4)))) -> 0 | AD30: =IF(J30<20,0,IF(J30<25,20,IF(J30<30,40,IF(J30<=40,60+(J30-30)*3,60+30+(J30-40)*4)))) -> 0 | AE30: =IF(K30<20,0,IF(K30<25,20,IF(K30<30,40,IF(K30<=40,60+(K30-30)*3,60+30+(K30-40)*4)))) -> 0 | ... AL30: =IF(R30<20,0,IF(R30<25,20,IF(R30<30,40,IF(R30<=40,60+(R30-30)*3,60+30+(R30-40)*4)))) -> 0 | AM30: =SUM(X30:AL30) -> 40
A31: DD10548 | B31: BENHLAL ABDERRAHMAN | C31: MARAVILLA | S31: =SUM(D31:R31) -> 0 | T31: 1 | U31: DD10548 | V31: BENHLAL ABDERRAHMAN | W31: MARAVILLA | X31: =IF(D31<20,0,IF(D31<25,20,IF(D31<30,40,IF(D31<=40,60+(D31-30)*3,60+30+(D31-40)*4)))) -> 0 | Y31: =IF(E31<20,0,IF(E31<25,20,IF(E31<30,40,IF(E31<=40,60+(E31-30)*3,60+30+(E31-40)*4)))) -> 0 | Z31: =IF(F31<20,0,IF(F31<25,20,IF(F31<30,40,IF(F31<=40,60+(F31-30)*3,60+30+(F31-40)*4)))) -> 0 | AA31: =IF(G31<20,0,IF(G31<25,20,IF(G31<30,40,IF(G31<=40,60+(G31-30)*3,60+30+(G31-40)*4)))) -> 0 | AB31: =IF(H31<20,0,IF(H31<25,20,IF(H31<30,40,IF(H31<=40,60+(H31-30)*3,60+30+(H31-40)*4)))) -> 0 | AC31: =IF(I31<20,0,IF(I31<25,20,IF(I31<30,40,IF(I31<=40,60+(I31-30)*3,60+30+(I31-40)*4)))) -> 0 | AD31: =IF(J31<20,0,IF(J31<25,20,IF(J31<30,40,IF(J31<=40,60+(J31-30)*3,60+30+(J31-40)*4)))) -> 0 | AE31: =IF(K31<20,0,IF(K31<25,20,IF(K31<30,40,IF(K31<=40,60+(K31-30)*3,60+30+(K31-40)*4)))) -> 0 | ... AL31: =IF(R31<20,0,IF(R31<25,20,IF(R31<30,40,IF(R31<=40,60+(R31-30)*3,60+30+(R31-40)*4)))) -> 0 | AM31: =SUM(X31:AL31) -> 0
A32: DD10550 | B32: EL AYDI ABDELTIF | C32: MARAVILLA | M32: 16.5 | S32: =SUM(D32:R32) -> 16.5 | T32: 1 | U32: DD10550 | V32: EL AYDI ABDELTIF | W32: MARAVILLA | X32: =IF(D32<20,0,IF(D32<25,20,IF(D32<30,40,IF(D32<=40,60+(D32-30)*3,60+30+(D32-40)*4)))) -> 0 | Y32: =IF(E32<20,0,IF(E32<25,20,IF(E32<30,40,IF(E32<=40,60+(E32-30)*3,60+30+(E32-40)*4)))) -> 0 | Z32: =IF(F32<20,0,IF(F32<25,20,IF(F32<30,40,IF(F32<=40,60+(F32-30)*3,60+30+(F32-40)*4)))) -> 0 | AA32: =IF(G32<20,0,IF(G32<25,20,IF(G32<30,40,IF(G32<=40,60+(G32-30)*3,60+30+(G32-40)*4)))) -> 0 | AB32: =IF(H32<20,0,IF(H32<25,20,IF(H32<30,40,IF(H32<=40,60+(H32-30)*3,60+30+(H32-40)*4)))) -> 0 | AC32: =IF(I32<20,0,IF(I32<25,20,IF(I32<30,40,IF(I32<=40,60+(I32-30)*3,60+30+(I32-40)*4)))) -> 0 | AD32: =IF(J32<20,0,IF(J32<25,20,IF(J32<30,40,IF(J32<=40,60+(J32-30)*3,60+30+(J32-40)*4)))) -> 0 | AE32: =IF(K32<20,0,IF(K32<25,20,IF(K32<30,40,IF(K32<=40,60+(K32-30)*3,60+30+(K32-40)*4)))) -> 0 | ... AL32: =IF(R32<20,0,IF(R32<25,20,IF(R32<30,40,IF(R32<=40,60+(R32-30)*3,60+30+(R32-40)*4)))) -> 0 | AM32: =SUM(X32:AL32) -> 0
A33: DD10574 | B33: BELHAID M'BAREK | C33: MARAVILLA | M33: 13.5 | S33: =SUM(D33:R33) -> 13.5 | T33: 1 | U33: DD10574 | V33: BELHAID M'BAREK | W33: MARAVILLA | X33: =IF(D33<20,0,IF(D33<25,20,IF(D33<30,40,IF(D33<=40,60+(D33-30)*3,60+30+(D33-40)*4)))) -> 0 | Y33: =IF(E33<20,0,IF(E33<25,20,IF(E33<30,40,IF(E33<=40,60+(E33-30)*3,60+30+(E33-40)*4)))) -> 0 | Z33: =IF(F33<20,0,IF(F33<25,20,IF(F33<30,40,IF(F33<=40,60+(F33-30)*3,60+30+(F33-40)*4)))) -> 0 | AA33: =IF(G33<20,0,IF(G33<25,20,IF(G33<30,40,IF(G33<=40,60+(G33-30)*3,60+30+(G33-40)*4)))) -> 0 | AB33: =IF(H33<20,0,IF(H33<25,20,IF(H33<30,40,IF(H33<=40,60+(H33-30)*3,60+30+(H33-40)*4)))) -> 0 | AC33: =IF(I33<20,0,IF(I33<25,20,IF(I33<30,40,IF(I33<=40,60+(I33-30)*3,60+30+(I33-40)*4)))) -> 0 | AD33: =IF(J33<20,0,IF(J33<25,20,IF(J33<30,40,IF(J33<=40,60+(J33-30)*3,60+30+(J33-40)*4)))) -> 0 | AE33: =IF(K33<20,0,IF(K33<25,20,IF(K33<30,40,IF(K33<=40,60+(K33-30)*3,60+30+(K33-40)*4)))) -> 0 | ... AL33: =IF(R33<20,0,IF(R33<25,20,IF(R33<30,40,IF(R33<=40,60+(R33-30)*3,60+30+(R33-40)*4)))) -> 0 | AM33: =SUM(X33:AL33) -> 0
A34: DD10575 | B34: KALALI 2 AHMED | C34: MARAVILLA | M34: 16.5 | S34: =SUM(D34:R34) -> 16.5 | T34: 1 | U34: DD10575 | V34: KALALI 2 AHMED | W34: MARAVILLA | X34: =IF(D34<20,0,IF(D34<25,20,IF(D34<30,40,IF(D34<=40,60+(D34-30)*3,60+30+(D34-40)*4)))) -> 0 | Y34: =IF(E34<20,0,IF(E34<25,20,IF(E34<30,40,IF(E34<=40,60+(E34-30)*3,60+30+(E34-40)*4)))) -> 0 | Z34: =IF(F34<20,0,IF(F34<25,20,IF(F34<30,40,IF(F34<=40,60+(F34-30)*3,60+30+(F34-40)*4)))) -> 0 | AA34: =IF(G34<20,0,IF(G34<25,20,IF(G34<30,40,IF(G34<=40,60+(G34-30)*3,60+30+(G34-40)*4)))) -> 0 | AB34: =IF(H34<20,0,IF(H34<25,20,IF(H34<30,40,IF(H34<=40,60+(H34-30)*3,60+30+(H34-40)*4)))) -> 0 | AC34: =IF(I34<20,0,IF(I34<25,20,IF(I34<30,40,IF(I34<=40,60+(I34-30)*3,60+30+(I34-40)*4)))) -> 0 | AD34: =IF(J34<20,0,IF(J34<25,20,IF(J34<30,40,IF(J34<=40,60+(J34-30)*3,60+30+(J34-40)*4)))) -> 0 | AE34: =IF(K34<20,0,IF(K34<25,20,IF(K34<30,40,IF(K34<=40,60+(K34-30)*3,60+30+(K34-40)*4)))) -> 0 | ... AL34: =IF(R34<20,0,IF(R34<25,20,IF(R34<30,40,IF(R34<=40,60+(R34-30)*3,60+30+(R34-40)*4)))) -> 0 | AM34: =SUM(X34:AL34) -> 0
A35: DD10593 | B35: EL HAITAM MOHAMED | C35: MARAVILLA | S35: =SUM(D35:R35) -> 0 | T35: 1 | U35: DD10593 | V35: EL HAITAM MOHAMED | W35: MARAVILLA | X35: =IF(D35<20,0,IF(D35<25,20,IF(D35<30,40,IF(D35<=40,60+(D35-30)*3,60+30+(D35-40)*4)))) -> 0 | Y35: =IF(E35<20,0,IF(E35<25,20,IF(E35<30,40,IF(E35<=40,60+(E35-30)*3,60+30+(E35-40)*4)))) -> 0 | Z35: =IF(F35<20,0,IF(F35<25,20,IF(F35<30,40,IF(F35<=40,60+(F35-30)*3,60+30+(F35-40)*4)))) -> 0 | AA35: =IF(G35<20,0,IF(G35<25,20,IF(G35<30,40,IF(G35<=40,60+(G35-30)*3,60+30+(G35-40)*4)))) -> 0 | AB35: =IF(H35<20,0,IF(H35<25,20,IF(H35<30,40,IF(H35<=40,60+(H35-30)*3,60+30+(H35-40)*4)))) -> 0 | AC35: =IF(I35<20,0,IF(I35<25,20,IF(I35<30,40,IF(I35<=40,60+(I35-30)*3,60+30+(I35-40)*4)))) -> 0 | AD35: =IF(J35<20,0,IF(J35<25,20,IF(J35<30,40,IF(J35<=40,60+(J35-30)*3,60+30+(J35-40)*4)))) -> 0 | AE35: =IF(K35<20,0,IF(K35<25,20,IF(K35<30,40,IF(K35<=40,60+(K35-30)*3,60+30+(K35-40)*4)))) -> 0 | ... AL35: =IF(R35<20,0,IF(R35<25,20,IF(R35<30,40,IF(R35<=40,60+(R35-30)*3,60+30+(R35-40)*4)))) -> 0 | AM35: =SUM(X35:AL35) -> 0
A36: DD10594 | B36: TRIBACH ABDESLAM | C36: MARAVILLA | S36: =SUM(D36:R36) -> 0 | T36: 1 | U36: DD10594 | V36: TRIBACH ABDESLAM | W36: MARAVILLA | X36: =IF(D36<20,0,IF(D36<25,20,IF(D36<30,40,IF(D36<=40,60+(D36-30)*3,60+30+(D36-40)*4)))) -> 0 | Y36: =IF(E36<20,0,IF(E36<25,20,IF(E36<30,40,IF(E36<=40,60+(E36-30)*3,60+30+(E36-40)*4)))) -> 0 | Z36: =IF(F36<20,0,IF(F36<25,20,IF(F36<30,40,IF(F36<=40,60+(F36-30)*3,60+30+(F36-40)*4)))) -> 0 | AA36: =IF(G36<20,0,IF(G36<25,20,IF(G36<30,40,IF(G36<=40,60+(G36-30)*3,60+30+(G36-40)*4)))) -> 0 | AB36: =IF(H36<20,0,IF(H36<25,20,IF(H36<30,40,IF(H36<=40,60+(H36-30)*3,60+30+(H36-40)*4)))) -> 0 | AC36: =IF(I36<20,0,IF(I36<25,20,IF(I36<30,40,IF(I36<=40,60+(I36-30)*3,60+30+(I36-40)*4)))) -> 0 | AD36: =IF(J36<20,0,IF(J36<25,20,IF(J36<30,40,IF(J36<=40,60+(J36-30)*3,60+30+(J36-40)*4)))) -> 0 | AE36: =IF(K36<20,0,IF(K36<25,20,IF(K36<30,40,IF(K36<=40,60+(K36-30)*3,60+30+(K36-40)*4)))) -> 0 | ... AL36: =IF(R36<20,0,IF(R36<25,20,IF(R36<30,40,IF(R36<=40,60+(R36-30)*3,60+30+(R36-40)*4)))) -> 0 | AM36: =SUM(X36:AL36) -> 0
A37: DD10598 | B37: ROUICHAK IMAD | C37: MARAVILLA | S37: =SUM(D37:R37) -> 0 | T37: 1 | U37: DD10598 | V37: ROUICHAK IMAD | W37: MARAVILLA | X37: =IF(D37<20,0,IF(D37<25,20,IF(D37<30,40,IF(D37<=40,60+(D37-30)*3,60+30+(D37-40)*4)))) -> 0 | Y37: =IF(E37<20,0,IF(E37<25,20,IF(E37<30,40,IF(E37<=40,60+(E37-30)*3,60+30+(E37-40)*4)))) -> 0 | Z37: =IF(F37<20,0,IF(F37<25,20,IF(F37<30,40,IF(F37<=40,60+(F37-30)*3,60+30+(F37-40)*4)))) -> 0 | AA37: =IF(G37<20,0,IF(G37<25,20,IF(G37<30,40,IF(G37<=40,60+(G37-30)*3,60+30+(G37-40)*4)))) -> 0 | AB37: =IF(H37<20,0,IF(H37<25,20,IF(H37<30,40,IF(H37<=40,60+(H37-30)*3,60+30+(H37-40)*4)))) -> 0 | AC37: =IF(I37<20,0,IF(I37<25,20,IF(I37<30,40,IF(I37<=40,60+(I37-30)*3,60+30+(I37-40)*4)))) -> 0 | AD37: =IF(J37<20,0,IF(J37<25,20,IF(J37<30,40,IF(J37<=40,60+(J37-30)*3,60+30+(J37-40)*4)))) -> 0 | AE37: =IF(K37<20,0,IF(K37<25,20,IF(K37<30,40,IF(K37<=40,60+(K37-30)*3,60+30+(K37-40)*4)))) -> 0 | ... AL37: =IF(R37<20,0,IF(R37<25,20,IF(R37<30,40,IF(R37<=40,60+(R37-30)*3,60+30+(R37-40)*4)))) -> 0 | AM37: =SUM(X37:AL37) -> 0
A38: DD10599 | B38: KARDOUDA RACHID | C38: MARAVILLA | S38: =SUM(D38:R38) -> 0 | T38: 1 | U38: DD10599 | V38: KARDOUDA RACHID | W38: MARAVILLA | X38: =IF(D38<20,0,IF(D38<25,20,IF(D38<30,40,IF(D38<=40,60+(D38-30)*3,60+30+(D38-40)*4)))) -> 0 | Y38: =IF(E38<20,0,IF(E38<25,20,IF(E38<30,40,IF(E38<=40,60+(E38-30)*3,60+30+(E38-40)*4)))) -> 0 | Z38: =IF(F38<20,0,IF(F38<25,20,IF(F38<30,40,IF(F38<=40,60+(F38-30)*3,60+30+(F38-40)*4)))) -> 0 | AA38: =IF(G38<20,0,IF(G38<25,20,IF(G38<30,40,IF(G38<=40,60+(G38-30)*3,60+30+(G38-40)*4)))) -> 0 | AB38: =IF(H38<20,0,IF(H38<25,20,IF(H38<30,40,IF(H38<=40,60+(H38-30)*3,60+30+(H38-40)*4)))) -> 0 | AC38: =IF(I38<20,0,IF(I38<25,20,IF(I38<30,40,IF(I38<=40,60+(I38-30)*3,60+30+(I38-40)*4)))) -> 0 | AD38: =IF(J38<20,0,IF(J38<25,20,IF(J38<30,40,IF(J38<=40,60+(J38-30)*3,60+30+(J38-40)*4)))) -> 0 | AE38: =IF(K38<20,0,IF(K38<25,20,IF(K38<30,40,IF(K38<=40,60+(K38-30)*3,60+30+(K38-40)*4)))) -> 0 | ... AL38: =IF(R38<20,0,IF(R38<25,20,IF(R38<30,40,IF(R38<=40,60+(R38-30)*3,60+30+(R38-40)*4)))) -> 0 | AM38: =SUM(X38:AL38) -> 0
A39: DD10602 | B39: KALALI AHMED | C39: MARAVILLA | S39: =SUM(D39:R39) -> 0 | T39: 1 | U39: DD10602 | V39: KALALI AHMED | W39: MARAVILLA | X39: =IF(D39<20,0,IF(D39<25,20,IF(D39<30,40,IF(D39<=40,60+(D39-30)*3,60+30+(D39-40)*4)))) -> 0 | Y39: =IF(E39<20,0,IF(E39<25,20,IF(E39<30,40,IF(E39<=40,60+(E39-30)*3,60+30+(E39-40)*4)))) -> 0 | Z39: =IF(F39<20,0,IF(F39<25,20,IF(F39<30,40,IF(F39<=40,60+(F39-30)*3,60+30+(F39-40)*4)))) -> 0 | AA39: =IF(G39<20,0,IF(G39<25,20,IF(G39<30,40,IF(G39<=40,60+(G39-30)*3,60+30+(G39-40)*4)))) -> 0 | AB39: =IF(H39<20,0,IF(H39<25,20,IF(H39<30,40,IF(H39<=40,60+(H39-30)*3,60+30+(H39-40)*4)))) -> 0 | AC39: =IF(I39<20,0,IF(I39<25,20,IF(I39<30,40,IF(I39<=40,60+(I39-30)*3,60+30+(I39-40)*4)))) -> 0 | AD39: =IF(J39<20,0,IF(J39<25,20,IF(J39<30,40,IF(J39<=40,60+(J39-30)*3,60+30+(J39-40)*4)))) -> 0 | AE39: =IF(K39<20,0,IF(K39<25,20,IF(K39<30,40,IF(K39<=40,60+(K39-30)*3,60+30+(K39-40)*4)))) -> 0 | ... AL39: =IF(R39<20,0,IF(R39<25,20,IF(R39<30,40,IF(R39<=40,60+(R39-30)*3,60+30+(R39-40)*4)))) -> 0 | AM39: =SUM(X39:AL39) -> 0
A40: DD10645 | B40: TRIBACH OMAR | C40: MARAVILLA | S40: =SUM(D40:R40) -> 0 | T40: 1 | U40: DD10645 | V40: TRIBACH OMAR | W40: MARAVILLA | X40: =IF(D40<20,0,IF(D40<25,20,IF(D40<30,40,IF(D40<=40,60+(D40-30)*3,60+30+(D40-40)*4)))) -> 0 | Y40: =IF(E40<20,0,IF(E40<25,20,IF(E40<30,40,IF(E40<=40,60+(E40-30)*3,60+30+(E40-40)*4)))) -> 0 | Z40: =IF(F40<20,0,IF(F40<25,20,IF(F40<30,40,IF(F40<=40,60+(F40-30)*3,60+30+(F40-40)*4)))) -> 0 | AA40: =IF(G40<20,0,IF(G40<25,20,IF(G40<30,40,IF(G40<=40,60+(G40-30)*3,60+30+(G40-40)*4)))) -> 0 | AB40: =IF(H40<20,0,IF(H40<25,20,IF(H40<30,40,IF(H40<=40,60+(H40-30)*3,60+30+(H40-40)*4)))) -> 0 | AC40: =IF(I40<20,0,IF(I40<25,20,IF(I40<30,40,IF(I40<=40,60+(I40-30)*3,60+30+(I40-40)*4)))) -> 0 | AD40: =IF(J40<20,0,IF(J40<25,20,IF(J40<30,40,IF(J40<=40,60+(J40-30)*3,60+30+(J40-40)*4)))) -> 0 | AE40: =IF(K40<20,0,IF(K40<25,20,IF(K40<30,40,IF(K40<=40,60+(K40-30)*3,60+30+(K40-40)*4)))) -> 0 | ... AL40: =IF(R40<20,0,IF(R40<25,20,IF(R40<30,40,IF(R40<=40,60+(R40-30)*3,60+30+(R40-40)*4)))) -> 0 | AM40: =SUM(X40:AL40) -> 0
A41: DD10646 | B41: AL-AKRAFLI ABDELMAJID | C41: MARAVILLA | S41: =SUM(D41:R41) -> 0 | T41: 1 | U41: DD10646 | V41: AL-AKRAFLI ABDELMAJID | W41: MARAVILLA | X41: =IF(D41<20,0,IF(D41<25,20,IF(D41<30,40,IF(D41<=40,60+(D41-30)*3,60+30+(D41-40)*4)))) -> 0 | Y41: =IF(E41<20,0,IF(E41<25,20,IF(E41<30,40,IF(E41<=40,60+(E41-30)*3,60+30+(E41-40)*4)))) -> 0 | Z41: =IF(F41<20,0,IF(F41<25,20,IF(F41<30,40,IF(F41<=40,60+(F41-30)*3,60+30+(F41-40)*4)))) -> 0 | AA41: =IF(G41<20,0,IF(G41<25,20,IF(G41<30,40,IF(G41<=40,60+(G41-30)*3,60+30+(G41-40)*4)))) -> 0 | AB41: =IF(H41<20,0,IF(H41<25,20,IF(H41<30,40,IF(H41<=40,60+(H41-30)*3,60+30+(H41-40)*4)))) -> 0 | AC41: =IF(I41<20,0,IF(I41<25,20,IF(I41<30,40,IF(I41<=40,60+(I41-30)*3,60+30+(I41-40)*4)))) -> 0 | AD41: =IF(J41<20,0,IF(J41<25,20,IF(J41<30,40,IF(J41<=40,60+(J41-30)*3,60+30+(J41-40)*4)))) -> 0 | AE41: =IF(K41<20,0,IF(K41<25,20,IF(K41<30,40,IF(K41<=40,60+(K41-30)*3,60+30+(K41-40)*4)))) -> 0 | ... AL41: =IF(R41<20,0,IF(R41<25,20,IF(R41<30,40,IF(R41<=40,60+(R41-30)*3,60+30+(R41-40)*4)))) -> 0 | AM41: =SUM(X41:AL41) -> 0
A42: DD10647 | B42: CHAHIDI NORDDINE | C42: MARAVILLA | M42: 18 | S42: =SUM(D42:R42) -> 18 | T42: 1 | U42: DD10647 | V42: CHAHIDI NORDDINE | W42: MARAVILLA | X42: =IF(D42<20,0,IF(D42<25,20,IF(D42<30,40,IF(D42<=40,60+(D42-30)*3,60+30+(D42-40)*4)))) -> 0 | Y42: =IF(E42<20,0,IF(E42<25,20,IF(E42<30,40,IF(E42<=40,60+(E42-30)*3,60+30+(E42-40)*4)))) -> 0 | Z42: =IF(F42<20,0,IF(F42<25,20,IF(F42<30,40,IF(F42<=40,60+(F42-30)*3,60+30+(F42-40)*4)))) -> 0 | AA42: =IF(G42<20,0,IF(G42<25,20,IF(G42<30,40,IF(G42<=40,60+(G42-30)*3,60+30+(G42-40)*4)))) -> 0 | AB42: =IF(H42<20,0,IF(H42<25,20,IF(H42<30,40,IF(H42<=40,60+(H42-30)*3,60+30+(H42-40)*4)))) -> 0 | AC42: =IF(I42<20,0,IF(I42<25,20,IF(I42<30,40,IF(I42<=40,60+(I42-30)*3,60+30+(I42-40)*4)))) -> 0 | AD42: =IF(J42<20,0,IF(J42<25,20,IF(J42<30,40,IF(J42<=40,60+(J42-30)*3,60+30+(J42-40)*4)))) -> 0 | AE42: =IF(K42<20,0,IF(K42<25,20,IF(K42<30,40,IF(K42<=40,60+(K42-30)*3,60+30+(K42-40)*4)))) -> 0 | ... AL42: =IF(R42<20,0,IF(R42<25,20,IF(R42<30,40,IF(R42<=40,60+(R42-30)*3,60+30+(R42-40)*4)))) -> 0 | AM42: =SUM(X42:AL42) -> 0
A43: DD10654 | B43: TRIBCH JELLOUL | C43: MARAVILLA | S43: =SUM(D43:R43) -> 0 | T43: 1 | U43: DD10654 | V43: TRIBCH JELLOUL | W43: MARAVILLA | X43: =IF(D43<20,0,IF(D43<25,20,IF(D43<30,40,IF(D43<=40,60+(D43-30)*3,60+30+(D43-40)*4)))) -> 0 | Y43: =IF(E43<20,0,IF(E43<25,20,IF(E43<30,40,IF(E43<=40,60+(E43-30)*3,60+30+(E43-40)*4)))) -> 0 | Z43: =IF(F43<20,0,IF(F43<25,20,IF(F43<30,40,IF(F43<=40,60+(F43-30)*3,60+30+(F43-40)*4)))) -> 0 | AA43: =IF(G43<20,0,IF(G43<25,20,IF(G43<30,40,IF(G43<=40,60+(G43-30)*3,60+30+(G43-40)*4)))) -> 0 | AB43: =IF(H43<20,0,IF(H43<25,20,IF(H43<30,40,IF(H43<=40,60+(H43-30)*3,60+30+(H43-40)*4)))) -> 0 | AC43: =IF(I43<20,0,IF(I43<25,20,IF(I43<30,40,IF(I43<=40,60+(I43-30)*3,60+30+(I43-40)*4)))) -> 0 | AD43: =IF(J43<20,0,IF(J43<25,20,IF(J43<30,40,IF(J43<=40,60+(J43-30)*3,60+30+(J43-40)*4)))) -> 0 | AE43: =IF(K43<20,0,IF(K43<25,20,IF(K43<30,40,IF(K43<=40,60+(K43-30)*3,60+30+(K43-40)*4)))) -> 0 | ... AL43: =IF(R43<20,0,IF(R43<25,20,IF(R43<30,40,IF(R43<=40,60+(R43-30)*3,60+30+(R43-40)*4)))) -> 0 | AM43: =SUM(X43:AL43) -> 0
A44: DD10670 | B44: KALALI ABDELLILAH | C44: MARAVILLA | S44: =SUM(D44:R44) -> 0 | T44: 1 | U44: DD10670 | V44: KALALI ABDELLILAH | W44: MARAVILLA | X44: =IF(D44<20,0,IF(D44<25,20,IF(D44<30,40,IF(D44<=40,60+(D44-30)*3,60+30+(D44-40)*4)))) -> 0 | Y44: =IF(E44<20,0,IF(E44<25,20,IF(E44<30,40,IF(E44<=40,60+(E44-30)*3,60+30+(E44-40)*4)))) -> 0 | Z44: =IF(F44<20,0,IF(F44<25,20,IF(F44<30,40,IF(F44<=40,60+(F44-30)*3,60+30+(F44-40)*4)))) -> 0 | AA44: =IF(G44<20,0,IF(G44<25,20,IF(G44<30,40,IF(G44<=40,60+(G44-30)*3,60+30+(G44-40)*4)))) -> 0 | AB44: =IF(H44<20,0,IF(H44<25,20,IF(H44<30,40,IF(H44<=40,60+(H44-30)*3,60+30+(H44-40)*4)))) -> 0 | AC44: =IF(I44<20,0,IF(I44<25,20,IF(I44<30,40,IF(I44<=40,60+(I44-30)*3,60+30+(I44-40)*4)))) -> 0 | AD44: =IF(J44<20,0,IF(J44<25,20,IF(J44<30,40,IF(J44<=40,60+(J44-30)*3,60+30+(J44-40)*4)))) -> 0 | AE44: =IF(K44<20,0,IF(K44<25,20,IF(K44<30,40,IF(K44<=40,60+(K44-30)*3,60+30+(K44-40)*4)))) -> 0 | ... AL44: =IF(R44<20,0,IF(R44<25,20,IF(R44<30,40,IF(R44<=40,60+(R44-30)*3,60+30+(R44-40)*4)))) -> 0 | AM44: =SUM(X44:AL44) -> 0
A45: DD10672 | B45: EL AZOUZI ABDESLAM | C45: MARAVILLA | M45: 15 | S45: =SUM(D45:R45) -> 15 | T45: 1 | U45: DD10672 | V45: EL AZOUZI ABDESLAM | W45: MARAVILLA | X45: =IF(D45<20,0,IF(D45<25,20,IF(D45<30,40,IF(D45<=40,60+(D45-30)*3,60+30+(D45-40)*4)))) -> 0 | Y45: =IF(E45<20,0,IF(E45<25,20,IF(E45<30,40,IF(E45<=40,60+(E45-30)*3,60+30+(E45-40)*4)))) -> 0 | Z45: =IF(F45<20,0,IF(F45<25,20,IF(F45<30,40,IF(F45<=40,60+(F45-30)*3,60+30+(F45-40)*4)))) -> 0 | AA45: =IF(G45<20,0,IF(G45<25,20,IF(G45<30,40,IF(G45<=40,60+(G45-30)*3,60+30+(G45-40)*4)))) -> 0 | AB45: =IF(H45<20,0,IF(H45<25,20,IF(H45<30,40,IF(H45<=40,60+(H45-30)*3,60+30+(H45-40)*4)))) -> 0 | AC45: =IF(I45<20,0,IF(I45<25,20,IF(I45<30,40,IF(I45<=40,60+(I45-30)*3,60+30+(I45-40)*4)))) -> 0 | AD45: =IF(J45<20,0,IF(J45<25,20,IF(J45<30,40,IF(J45<=40,60+(J45-30)*3,60+30+(J45-40)*4)))) -> 0 | AE45: =IF(K45<20,0,IF(K45<25,20,IF(K45<30,40,IF(K45<=40,60+(K45-30)*3,60+30+(K45-40)*4)))) -> 0 | ... AL45: =IF(R45<20,0,IF(R45<25,20,IF(R45<30,40,IF(R45<=40,60+(R45-30)*3,60+30+(R45-40)*4)))) -> 0 | AM45: =SUM(X45:AL45) -> 0
A46: DD10673 | B46: JASIMI EL HOUSSAINE | C46: MARAVILLA | S46: =SUM(D46:R46) -> 0 | T46: 1 | U46: DD10673 | V46: JASIMI EL HOUSSAINE | W46: MARAVILLA | X46: =IF(D46<20,0,IF(D46<25,20,IF(D46<30,40,IF(D46<=40,60+(D46-30)*3,60+30+(D46-40)*4)))) -> 0 | Y46: =IF(E46<20,0,IF(E46<25,20,IF(E46<30,40,IF(E46<=40,60+(E46-30)*3,60+30+(E46-40)*4)))) -> 0 | Z46: =IF(F46<20,0,IF(F46<25,20,IF(F46<30,40,IF(F46<=40,60+(F46-30)*3,60+30+(F46-40)*4)))) -> 0 | AA46: =IF(G46<20,0,IF(G46<25,20,IF(G46<30,40,IF(G46<=40,60+(G46-30)*3,60+30+(G46-40)*4)))) -> 0 | AB46: =IF(H46<20,0,IF(H46<25,20,IF(H46<30,40,IF(H46<=40,60+(H46-30)*3,60+30+(H46-40)*4)))) -> 0 | AC46: =IF(I46<20,0,IF(I46<25,20,IF(I46<30,40,IF(I46<=40,60+(I46-30)*3,60+30+(I46-40)*4)))) -> 0 | AD46: =IF(J46<20,0,IF(J46<25,20,IF(J46<30,40,IF(J46<=40,60+(J46-30)*3,60+30+(J46-40)*4)))) -> 0 | AE46: =IF(K46<20,0,IF(K46<25,20,IF(K46<30,40,IF(K46<=40,60+(K46-30)*3,60+30+(K46-40)*4)))) -> 0 | ... AL46: =IF(R46<20,0,IF(R46<25,20,IF(R46<30,40,IF(R46<=40,60+(R46-30)*3,60+30+(R46-40)*4)))) -> 0 | AM46: =SUM(X46:AL46) -> 0
A47: DD10674 | B47: ROUICHI MOHAMED | C47: MARAVILLA | S47: =SUM(D47:R47) -> 0 | T47: 1 | U47: DD10674 | V47: ROUICHI MOHAMED | W47: MARAVILLA | X47: =IF(D47<20,0,IF(D47<25,20,IF(D47<30,40,IF(D47<=40,60+(D47-30)*3,60+30+(D47-40)*4)))) -> 0 | Y47: =IF(E47<20,0,IF(E47<25,20,IF(E47<30,40,IF(E47<=40,60+(E47-30)*3,60+30+(E47-40)*4)))) -> 0 | Z47: =IF(F47<20,0,IF(F47<25,20,IF(F47<30,40,IF(F47<=40,60+(F47-30)*3,60+30+(F47-40)*4)))) -> 0 | AA47: =IF(G47<20,0,IF(G47<25,20,IF(G47<30,40,IF(G47<=40,60+(G47-30)*3,60+30+(G47-40)*4)))) -> 0 | AB47: =IF(H47<20,0,IF(H47<25,20,IF(H47<30,40,IF(H47<=40,60+(H47-30)*3,60+30+(H47-40)*4)))) -> 0 | AC47: =IF(I47<20,0,IF(I47<25,20,IF(I47<30,40,IF(I47<=40,60+(I47-30)*3,60+30+(I47-40)*4)))) -> 0 | AD47: =IF(J47<20,0,IF(J47<25,20,IF(J47<30,40,IF(J47<=40,60+(J47-30)*3,60+30+(J47-40)*4)))) -> 0 | AE47: =IF(K47<20,0,IF(K47<25,20,IF(K47<30,40,IF(K47<=40,60+(K47-30)*3,60+30+(K47-40)*4)))) -> 0 | ... AL47: =IF(R47<20,0,IF(R47<25,20,IF(R47<30,40,IF(R47<=40,60+(R47-30)*3,60+30+(R47-40)*4)))) -> 0 | AM47: =SUM(X47:AL47) -> 0
A48: DD10715 | B48: ELMADLOUM SOUFAIN | C48: MARAVILLA | S48: =SUM(D48:R48) -> 0 | T48: 1 | U48: DD10715 | V48: ELMADLOUM SOUFAIN | W48: MARAVILLA | X48: =IF(D48<20,0,IF(D48<25,20,IF(D48<30,40,IF(D48<=40,60+(D48-30)*3,60+30+(D48-40)*4)))) -> 0 | Y48: =IF(E48<20,0,IF(E48<25,20,IF(E48<30,40,IF(E48<=40,60+(E48-30)*3,60+30+(E48-40)*4)))) -> 0 | Z48: =IF(F48<20,0,IF(F48<25,20,IF(F48<30,40,IF(F48<=40,60+(F48-30)*3,60+30+(F48-40)*4)))) -> 0 | AA48: =IF(G48<20,0,IF(G48<25,20,IF(G48<30,40,IF(G48<=40,60+(G48-30)*3,60+30+(G48-40)*4)))) -> 0 | AB48: =IF(H48<20,0,IF(H48<25,20,IF(H48<30,40,IF(H48<=40,60+(H48-30)*3,60+30+(H48-40)*4)))) -> 0 | AC48: =IF(I48<20,0,IF(I48<25,20,IF(I48<30,40,IF(I48<=40,60+(I48-30)*3,60+30+(I48-40)*4)))) -> 0 | AD48: =IF(J48<20,0,IF(J48<25,20,IF(J48<30,40,IF(J48<=40,60+(J48-30)*3,60+30+(J48-40)*4)))) -> 0 | AE48: =IF(K48<20,0,IF(K48<25,20,IF(K48<30,40,IF(K48<=40,60+(K48-30)*3,60+30+(K48-40)*4)))) -> 0 | ... AL48: =IF(R48<20,0,IF(R48<25,20,IF(R48<30,40,IF(R48<=40,60+(R48-30)*3,60+30+(R48-40)*4)))) -> 0 | AM48: =SUM(X48:AL48) -> 0
A49: DD10750 | B49: LAGRIOUI ABDESLAM | C49: MARAVILLA | S49: =SUM(D49:R49) -> 0 | T49: 1 | U49: DD10750 | V49: LAGRIOUI ABDESLAM | W49: MARAVILLA | X49: =IF(D49<20,0,IF(D49<25,20,IF(D49<30,40,IF(D49<=40,60+(D49-30)*3,60+30+(D49-40)*4)))) -> 0 | Y49: =IF(E49<20,0,IF(E49<25,20,IF(E49<30,40,IF(E49<=40,60+(E49-30)*3,60+30+(E49-40)*4)))) -> 0 | Z49: =IF(F49<20,0,IF(F49<25,20,IF(F49<30,40,IF(F49<=40,60+(F49-30)*3,60+30+(F49-40)*4)))) -> 0 | AA49: =IF(G49<20,0,IF(G49<25,20,IF(G49<30,40,IF(G49<=40,60+(G49-30)*3,60+30+(G49-40)*4)))) -> 0 | AB49: =IF(H49<20,0,IF(H49<25,20,IF(H49<30,40,IF(H49<=40,60+(H49-30)*3,60+30+(H49-40)*4)))) -> 0 | AC49: =IF(I49<20,0,IF(I49<25,20,IF(I49<30,40,IF(I49<=40,60+(I49-30)*3,60+30+(I49-40)*4)))) -> 0 | AD49: =IF(J49<20,0,IF(J49<25,20,IF(J49<30,40,IF(J49<=40,60+(J49-30)*3,60+30+(J49-40)*4)))) -> 0 | AE49: =IF(K49<20,0,IF(K49<25,20,IF(K49<30,40,IF(K49<=40,60+(K49-30)*3,60+30+(K49-40)*4)))) -> 0 | ... AL49: =IF(R49<20,0,IF(R49<25,20,IF(R49<30,40,IF(R49<=40,60+(R49-30)*3,60+30+(R49-40)*4)))) -> 0 | AM49: =SUM(X49:AL49) -> 0
A50: DD10866 | B50: BOUKHRAKI MOURAD | C50: MARAVILLA | M50: 15 | S50: =SUM(D50:R50) -> 15 | T50: 1 | U50: DD10866 | V50: BOUKHRAKI MOURAD | W50: MARAVILLA | X50: =IF(D50<20,0,IF(D50<25,20,IF(D50<30,40,IF(D50<=40,60+(D50-30)*3,60+30+(D50-40)*4)))) -> 0 | Y50: =IF(E50<20,0,IF(E50<25,20,IF(E50<30,40,IF(E50<=40,60+(E50-30)*3,60+30+(E50-40)*4)))) -> 0 | Z50: =IF(F50<20,0,IF(F50<25,20,IF(F50<30,40,IF(F50<=40,60+(F50-30)*3,60+30+(F50-40)*4)))) -> 0 | AA50: =IF(G50<20,0,IF(G50<25,20,IF(G50<30,40,IF(G50<=40,60+(G50-30)*3,60+30+(G50-40)*4)))) -> 0 | AB50: =IF(H50<20,0,IF(H50<25,20,IF(H50<30,40,IF(H50<=40,60+(H50-30)*3,60+30+(H50-40)*4)))) -> 0 | AC50: =IF(I50<20,0,IF(I50<25,20,IF(I50<30,40,IF(I50<=40,60+(I50-30)*3,60+30+(I50-40)*4)))) -> 0 | AD50: =IF(J50<20,0,IF(J50<25,20,IF(J50<30,40,IF(J50<=40,60+(J50-30)*3,60+30+(J50-40)*4)))) -> 0 | AE50: =IF(K50<20,0,IF(K50<25,20,IF(K50<30,40,IF(K50<=40,60+(K50-30)*3,60+30+(K50-40)*4)))) -> 0 | ... AL50: =IF(R50<20,0,IF(R50<25,20,IF(R50<30,40,IF(R50<=40,60+(R50-30)*3,60+30+(R50-40)*4)))) -> 0 | AM50: =SUM(X50:AL50) -> 0
A51: DD1608 | B51: CHAHIDI MUSTAPHA | C51: MARAVILLA | M51: 21 | S51: =SUM(D51:R51) -> 21 | T51: 1 | U51: DD1608 | V51: CHAHIDI MUSTAPHA | W51: MARAVILLA | X51: =IF(D51<20,0,IF(D51<25,20,IF(D51<30,40,IF(D51<=40,60+(D51-30)*3,60+30+(D51-40)*4)))) -> 0 | Y51: =IF(E51<20,0,IF(E51<25,20,IF(E51<30,40,IF(E51<=40,60+(E51-30)*3,60+30+(E51-40)*4)))) -> 0 | Z51: =IF(F51<20,0,IF(F51<25,20,IF(F51<30,40,IF(F51<=40,60+(F51-30)*3,60+30+(F51-40)*4)))) -> 0 | AA51: =IF(G51<20,0,IF(G51<25,20,IF(G51<30,40,IF(G51<=40,60+(G51-30)*3,60+30+(G51-40)*4)))) -> 0 | AB51: =IF(H51<20,0,IF(H51<25,20,IF(H51<30,40,IF(H51<=40,60+(H51-30)*3,60+30+(H51-40)*4)))) -> 0 | AC51: =IF(I51<20,0,IF(I51<25,20,IF(I51<30,40,IF(I51<=40,60+(I51-30)*3,60+30+(I51-40)*4)))) -> 0 | AD51: =IF(J51<20,0,IF(J51<25,20,IF(J51<30,40,IF(J51<=40,60+(J51-30)*3,60+30+(J51-40)*4)))) -> 0 | AE51: =IF(K51<20,0,IF(K51<25,20,IF(K51<30,40,IF(K51<=40,60+(K51-30)*3,60+30+(K51-40)*4)))) -> 0 | ... AL51: =IF(R51<20,0,IF(R51<25,20,IF(R51<30,40,IF(R51<=40,60+(R51-30)*3,60+30+(R51-40)*4)))) -> 0 | AM51: =SUM(X51:AL51) -> 20
A52: HAFI10008 | B52: NAMSI AMAL | C52: MARAVILLA | I52: 21 | K52: 30 | S52: =SUM(D52:R52) -> 51 | T52: 1 | U52: HAFI10008 | V52: NAMSI AMAL | W52: MARAVILLA | X52: =IF(D52<20,0,IF(D52<25,20,IF(D52<30,40,IF(D52<=40,60+(D52-30)*3,60+30+(D52-40)*4)))) -> 0 | Y52: =IF(E52<20,0,IF(E52<25,20,IF(E52<30,40,IF(E52<=40,60+(E52-30)*3,60+30+(E52-40)*4)))) -> 0 | Z52: =IF(F52<20,0,IF(F52<25,20,IF(F52<30,40,IF(F52<=40,60+(F52-30)*3,60+30+(F52-40)*4)))) -> 0 | AA52: =IF(G52<20,0,IF(G52<25,20,IF(G52<30,40,IF(G52<=40,60+(G52-30)*3,60+30+(G52-40)*4)))) -> 0 | AB52: =IF(H52<20,0,IF(H52<25,20,IF(H52<30,40,IF(H52<=40,60+(H52-30)*3,60+30+(H52-40)*4)))) -> 0 | AC52: =IF(I52<20,0,IF(I52<25,20,IF(I52<30,40,IF(I52<=40,60+(I52-30)*3,60+30+(I52-40)*4)))) -> 20 | AD52: =IF(J52<20,0,IF(J52<25,20,IF(J52<30,40,IF(J52<=40,60+(J52-30)*3,60+30+(J52-40)*4)))) -> 0 | AE52: =IF(K52<20,0,IF(K52<25,20,IF(K52<30,40,IF(K52<=40,60+(K52-30)*3,60+30+(K52-40)*4)))) -> 60 | ... AL52: =IF(R52<20,0,IF(R52<25,20,IF(R52<30,40,IF(R52<=40,60+(R52-30)*3,60+30+(R52-40)*4)))) -> 0 | AM52: =SUM(X52:AL52) -> 80
A53: HAFI10492 | B53: EL HAFI AYA | C53: MARAVILLA | G53: 12 | S53: =SUM(D53:R53) -> 12 | T53: 1 | U53: HAFI10492 | V53: EL HAFI AYA | W53: MARAVILLA | X53: =IF(D53<20,0,IF(D53<25,20,IF(D53<30,40,IF(D53<=40,60+(D53-30)*3,60+30+(D53-40)*4)))) -> 0 | Y53: =IF(E53<20,0,IF(E53<25,20,IF(E53<30,40,IF(E53<=40,60+(E53-30)*3,60+30+(E53-40)*4)))) -> 0 | Z53: =IF(F53<20,0,IF(F53<25,20,IF(F53<30,40,IF(F53<=40,60+(F53-30)*3,60+30+(F53-40)*4)))) -> 0 | AA53: =IF(G53<20,0,IF(G53<25,20,IF(G53<30,40,IF(G53<=40,60+(G53-30)*3,60+30+(G53-40)*4)))) -> 0 | AB53: =IF(H53<20,0,IF(H53<25,20,IF(H53<30,40,IF(H53<=40,60+(H53-30)*3,60+30+(H53-40)*4)))) -> 0 | AC53: =IF(I53<20,0,IF(I53<25,20,IF(I53<30,40,IF(I53<=40,60+(I53-30)*3,60+30+(I53-40)*4)))) -> 0 | AD53: =IF(J53<20,0,IF(J53<25,20,IF(J53<30,40,IF(J53<=40,60+(J53-30)*3,60+30+(J53-40)*4)))) -> 0 | AE53: =IF(K53<20,0,IF(K53<25,20,IF(K53<30,40,IF(K53<=40,60+(K53-30)*3,60+30+(K53-40)*4)))) -> 0 | ... AL53: =IF(R53<20,0,IF(R53<25,20,IF(R53<30,40,IF(R53<=40,60+(R53-30)*3,60+30+(R53-40)*4)))) -> 0 | AM53: =SUM(X53:AL53) -> 0
A54: HAFI2193 | B54: SAYBARI NOURA | C54: MARAVILLA | D54: 7.5 | E54: 7.5 | H54: 21 | I54: 21 | J54: 28.5 | K54: 39 | M54: 45 | S54: =SUM(D54:R54) -> 169.5 | T54: 1 | U54: HAFI2193 | V54: SAYBARI NOURA | W54: MARAVILLA | X54: =IF(D54<20,0,IF(D54<25,20,IF(D54<30,40,IF(D54<=40,60+(D54-30)*3,60+30+(D54-40)*4)))) -> 0 | Y54: =IF(E54<20,0,IF(E54<25,20,IF(E54<30,40,IF(E54<=40,60+(E54-30)*3,60+30+(E54-40)*4)))) -> 0 | Z54: =IF(F54<20,0,IF(F54<25,20,IF(F54<30,40,IF(F54<=40,60+(F54-30)*3,60+30+(F54-40)*4)))) -> 0 | AA54: =IF(G54<20,0,IF(G54<25,20,IF(G54<30,40,IF(G54<=40,60+(G54-30)*3,60+30+(G54-40)*4)))) -> 0 | AB54: =IF(H54<20,0,IF(H54<25,20,IF(H54<30,40,IF(H54<=40,60+(H54-30)*3,60+30+(H54-40)*4)))) -> 20 | AC54: =IF(I54<20,0,IF(I54<25,20,IF(I54<30,40,IF(I54<=40,60+(I54-30)*3,60+30+(I54-40)*4)))) -> 20 | AD54: =IF(J54<20,0,IF(J54<25,20,IF(J54<30,40,IF(J54<=40,60+(J54-30)*3,60+30+(J54-40)*4)))) -> 40 | AE54: =IF(K54<20,0,IF(K54<25,20,IF(K54<30,40,IF(K54<=40,60+(K54-30)*3,60+30+(K54-40)*4)))) -> 87 | ... AL54: =IF(R54<20,0,IF(R54<25,20,IF(R54<30,40,IF(R54<=40,60+(R54-30)*3,60+30+(R54-40)*4)))) -> 0 | AM54: =SUM(X54:AL54) -> 277
A55: HAFI2195 | B55: FTAICHE BOUCHRA | C55: MARAVILLA | D55: 9 | E55: 10.5 | J55: 30 | K55: 36 | S55: =SUM(D55:R55) -> 85.5 | T55: 1 | U55: HAFI2195 | V55: FTAICHE BOUCHRA | W55: MARAVILLA | X55: =IF(D55<20,0,IF(D55<25,20,IF(D55<30,40,IF(D55<=40,60+(D55-30)*3,60+30+(D55-40)*4)))) -> 0 | Y55: =IF(E55<20,0,IF(E55<25,20,IF(E55<30,40,IF(E55<=40,60+(E55-30)*3,60+30+(E55-40)*4)))) -> 0 | Z55: =IF(F55<20,0,IF(F55<25,20,IF(F55<30,40,IF(F55<=40,60+(F55-30)*3,60+30+(F55-40)*4)))) -> 0 | AA55: =IF(G55<20,0,IF(G55<25,20,IF(G55<30,40,IF(G55<=40,60+(G55-30)*3,60+30+(G55-40)*4)))) -> 0 | AB55: =IF(H55<20,0,IF(H55<25,20,IF(H55<30,40,IF(H55<=40,60+(H55-30)*3,60+30+(H55-40)*4)))) -> 0 | AC55: =IF(I55<20,0,IF(I55<25,20,IF(I55<30,40,IF(I55<=40,60+(I55-30)*3,60+30+(I55-40)*4)))) -> 0 | AD55: =IF(J55<20,0,IF(J55<25,20,IF(J55<30,40,IF(J55<=40,60+(J55-30)*3,60+30+(J55-40)*4)))) -> 60 | AE55: =IF(K55<20,0,IF(K55<25,20,IF(K55<30,40,IF(K55<=40,60+(K55-30)*3,60+30+(K55-40)*4)))) -> 78 | ... AL55: =IF(R55<20,0,IF(R55<25,20,IF(R55<30,40,IF(R55<=40,60+(R55-30)*3,60+30+(R55-40)*4)))) -> 0 | AM55: =SUM(X55:AL55) -> 138
A56: HAFI2198 | B56: EL AISSOUM LATIFA | C56: MARAVILLA | D56: 12 | E56: 6 | F56: 15 | G56: 22.5 | H56: 18.5 | J56: 30 | K56: 30 | S56: =SUM(D56:R56) -> 134 | T56: 1 | U56: HAFI2198 | V56: EL AISSOUM LATIFA | W56: MARAVILLA | X56: =IF(D56<20,0,IF(D56<25,20,IF(D56<30,40,IF(D56<=40,60+(D56-30)*3,60+30+(D56-40)*4)))) -> 0 | Y56: =IF(E56<20,0,IF(E56<25,20,IF(E56<30,40,IF(E56<=40,60+(E56-30)*3,60+30+(E56-40)*4)))) -> 0 | Z56: =IF(F56<20,0,IF(F56<25,20,IF(F56<30,40,IF(F56<=40,60+(F56-30)*3,60+30+(F56-40)*4)))) -> 0 | AA56: =IF(G56<20,0,IF(G56<25,20,IF(G56<30,40,IF(G56<=40,60+(G56-30)*3,60+30+(G56-40)*4)))) -> 20 | AB56: =IF(H56<20,0,IF(H56<25,20,IF(H56<30,40,IF(H56<=40,60+(H56-30)*3,60+30+(H56-40)*4)))) -> 0 | AC56: =IF(I56<20,0,IF(I56<25,20,IF(I56<30,40,IF(I56<=40,60+(I56-30)*3,60+30+(I56-40)*4)))) -> 0 | AD56: =IF(J56<20,0,IF(J56<25,20,IF(J56<30,40,IF(J56<=40,60+(J56-30)*3,60+30+(J56-40)*4)))) -> 60 | AE56: =IF(K56<20,0,IF(K56<25,20,IF(K56<30,40,IF(K56<=40,60+(K56-30)*3,60+30+(K56-40)*4)))) -> 60 | ... AL56: =IF(R56<20,0,IF(R56<25,20,IF(R56<30,40,IF(R56<=40,60+(R56-30)*3,60+30+(R56-40)*4)))) -> 0 | AM56: =SUM(X56:AL56) -> 140
A57: HAFI2209 | B57: DBOU TAMOU 1 | C57: MARAVILLA | D57: 7.5 | F57: 15 | H57: 27.5 | J57: 34.5 | K57: 43.5 | S57: =SUM(D57:R57) -> 128 | T57: 1 | U57: HAFI2209 | V57: DBOU TAMOU 1 | W57: MARAVILLA | X57: =IF(D57<20,0,IF(D57<25,20,IF(D57<30,40,IF(D57<=40,60+(D57-30)*3,60+30+(D57-40)*4)))) -> 0 | Y57: =IF(E57<20,0,IF(E57<25,20,IF(E57<30,40,IF(E57<=40,60+(E57-30)*3,60+30+(E57-40)*4)))) -> 0 | Z57: =IF(F57<20,0,IF(F57<25,20,IF(F57<30,40,IF(F57<=40,60+(F57-30)*3,60+30+(F57-40)*4)))) -> 0 | AA57: =IF(G57<20,0,IF(G57<25,20,IF(G57<30,40,IF(G57<=40,60+(G57-30)*3,60+30+(G57-40)*4)))) -> 0 | AB57: =IF(H57<20,0,IF(H57<25,20,IF(H57<30,40,IF(H57<=40,60+(H57-30)*3,60+30+(H57-40)*4)))) -> 40 | AC57: =IF(I57<20,0,IF(I57<25,20,IF(I57<30,40,IF(I57<=40,60+(I57-30)*3,60+30+(I57-40)*4)))) -> 0 | AD57: =IF(J57<20,0,IF(J57<25,20,IF(J57<30,40,IF(J57<=40,60+(J57-30)*3,60+30+(J57-40)*4)))) -> 73.5 | AE57: =IF(K57<20,0,IF(K57<25,20,IF(K57<30,40,IF(K57<=40,60+(K57-30)*3,60+30+(K57-40)*4)))) -> 104 | ... AL57: =IF(R57<20,0,IF(R57<25,20,IF(R57<30,40,IF(R57<=40,60+(R57-30)*3,60+30+(R57-40)*4)))) -> 0 | AM57: =SUM(X57:AL57) -> 217.5
A58: HAFI2296 | B58: EL JELOULI ZOHRA | C58: MARAVILLA | S58: =SUM(D58:R58) -> 0 | T58: 1 | U58: HAFI2296 | V58: EL JELOULI ZOHRA | W58: MARAVILLA | X58: =IF(D58<20,0,IF(D58<25,20,IF(D58<30,40,IF(D58<=40,60+(D58-30)*3,60+30+(D58-40)*4)))) -> 0 | Y58: =IF(E58<20,0,IF(E58<25,20,IF(E58<30,40,IF(E58<=40,60+(E58-30)*3,60+30+(E58-40)*4)))) -> 0 | Z58: =IF(F58<20,0,IF(F58<25,20,IF(F58<30,40,IF(F58<=40,60+(F58-30)*3,60+30+(F58-40)*4)))) -> 0 | AA58: =IF(G58<20,0,IF(G58<25,20,IF(G58<30,40,IF(G58<=40,60+(G58-30)*3,60+30+(G58-40)*4)))) -> 0 | AB58: =IF(H58<20,0,IF(H58<25,20,IF(H58<30,40,IF(H58<=40,60+(H58-30)*3,60+30+(H58-40)*4)))) -> 0 | AC58: =IF(I58<20,0,IF(I58<25,20,IF(I58<30,40,IF(I58<=40,60+(I58-30)*3,60+30+(I58-40)*4)))) -> 0 | AD58: =IF(J58<20,0,IF(J58<25,20,IF(J58<30,40,IF(J58<=40,60+(J58-30)*3,60+30+(J58-40)*4)))) -> 0 | AE58: =IF(K58<20,0,IF(K58<25,20,IF(K58<30,40,IF(K58<=40,60+(K58-30)*3,60+30+(K58-40)*4)))) -> 0 | ... AL58: =IF(R58<20,0,IF(R58<25,20,IF(R58<30,40,IF(R58<=40,60+(R58-30)*3,60+30+(R58-40)*4)))) -> 0 | AM58: =SUM(X58:AL58) -> 0
A59: HAFI231 | B59: EL HAFI HANAN | C59: MARAVILLA | F59: 13.5 | S59: =SUM(D59:R59) -> 13.5 | T59: 1 | U59: HAFI231 | V59: EL HAFI HANAN | W59: MARAVILLA | X59: =IF(D59<20,0,IF(D59<25,20,IF(D59<30,40,IF(D59<=40,60+(D59-30)*3,60+30+(D59-40)*4)))) -> 0 | Y59: =IF(E59<20,0,IF(E59<25,20,IF(E59<30,40,IF(E59<=40,60+(E59-30)*3,60+30+(E59-40)*4)))) -> 0 | Z59: =IF(F59<20,0,IF(F59<25,20,IF(F59<30,40,IF(F59<=40,60+(F59-30)*3,60+30+(F59-40)*4)))) -> 0 | AA59: =IF(G59<20,0,IF(G59<25,20,IF(G59<30,40,IF(G59<=40,60+(G59-30)*3,60+30+(G59-40)*4)))) -> 0 | AB59: =IF(H59<20,0,IF(H59<25,20,IF(H59<30,40,IF(H59<=40,60+(H59-30)*3,60+30+(H59-40)*4)))) -> 0 | AC59: =IF(I59<20,0,IF(I59<25,20,IF(I59<30,40,IF(I59<=40,60+(I59-30)*3,60+30+(I59-40)*4)))) -> 0 | AD59: =IF(J59<20,0,IF(J59<25,20,IF(J59<30,40,IF(J59<=40,60+(J59-30)*3,60+30+(J59-40)*4)))) -> 0 | AE59: =IF(K59<20,0,IF(K59<25,20,IF(K59<30,40,IF(K59<=40,60+(K59-30)*3,60+30+(K59-40)*4)))) -> 0 | ... AL59: =IF(R59<20,0,IF(R59<25,20,IF(R59<30,40,IF(R59<=40,60+(R59-30)*3,60+30+(R59-40)*4)))) -> 0 | AM59: =SUM(X59:AL59) -> 0
A60: HAFI233 | B60: EL JELLOULI RACHIDA | C60: MARAVILLA | J60: 30 | K60: 37.5 | M60: 36 | S60: =SUM(D60:R60) -> 103.5 | T60: 1 | U60: HAFI233 | V60: EL JELLOULI RACHIDA | W60: MARAVILLA | X60: =IF(D60<20,0,IF(D60<25,20,IF(D60<30,40,IF(D60<=40,60+(D60-30)*3,60+30+(D60-40)*4)))) -> 0 | Y60: =IF(E60<20,0,IF(E60<25,20,IF(E60<30,40,IF(E60<=40,60+(E60-30)*3,60+30+(E60-40)*4)))) -> 0 | Z60: =IF(F60<20,0,IF(F60<25,20,IF(F60<30,40,IF(F60<=40,60+(F60-30)*3,60+30+(F60-40)*4)))) -> 0 | AA60: =IF(G60<20,0,IF(G60<25,20,IF(G60<30,40,IF(G60<=40,60+(G60-30)*3,60+30+(G60-40)*4)))) -> 0 | AB60: =IF(H60<20,0,IF(H60<25,20,IF(H60<30,40,IF(H60<=40,60+(H60-30)*3,60+30+(H60-40)*4)))) -> 0 | AC60: =IF(I60<20,0,IF(I60<25,20,IF(I60<30,40,IF(I60<=40,60+(I60-30)*3,60+30+(I60-40)*4)))) -> 0 | AD60: =IF(J60<20,0,IF(J60<25,20,IF(J60<30,40,IF(J60<=40,60+(J60-30)*3,60+30+(J60-40)*4)))) -> 60 | AE60: =IF(K60<20,0,IF(K60<25,20,IF(K60<30,40,IF(K60<=40,60+(K60-30)*3,60+30+(K60-40)*4)))) -> 82.5 | ... AL60: =IF(R60<20,0,IF(R60<25,20,IF(R60<30,40,IF(R60<=40,60+(R60-30)*3,60+30+(R60-40)*4)))) -> 0 | AM60: =SUM(X60:AL60) -> 220.5
A61: HAFI234 | B61: SBAITI NAJAT | C61: MARAVILLA | D61: 13.5 | E61: 18 | J61: 39 | K61: 45 | M61: 51 | S61: =SUM(D61:R61) -> 166.5 | T61: 1 | U61: HAFI234 | V61: SBAITI NAJAT | W61: MARAVILLA | X61: =IF(D61<20,0,IF(D61<25,20,IF(D61<30,40,IF(D61<=40,60+(D61-30)*3,60+30+(D61-40)*4)))) -> 0 | Y61: =IF(E61<20,0,IF(E61<25,20,IF(E61<30,40,IF(E61<=40,60+(E61-30)*3,60+30+(E61-40)*4)))) -> 0 | Z61: =IF(F61<20,0,IF(F61<25,20,IF(F61<30,40,IF(F61<=40,60+(F61-30)*3,60+30+(F61-40)*4)))) -> 0 | AA61: =IF(G61<20,0,IF(G61<25,20,IF(G61<30,40,IF(G61<=40,60+(G61-30)*3,60+30+(G61-40)*4)))) -> 0 | AB61: =IF(H61<20,0,IF(H61<25,20,IF(H61<30,40,IF(H61<=40,60+(H61-30)*3,60+30+(H61-40)*4)))) -> 0 | AC61: =IF(I61<20,0,IF(I61<25,20,IF(I61<30,40,IF(I61<=40,60+(I61-30)*3,60+30+(I61-40)*4)))) -> 0 | AD61: =IF(J61<20,0,IF(J61<25,20,IF(J61<30,40,IF(J61<=40,60+(J61-30)*3,60+30+(J61-40)*4)))) -> 87 | AE61: =IF(K61<20,0,IF(K61<25,20,IF(K61<30,40,IF(K61<=40,60+(K61-30)*3,60+30+(K61-40)*4)))) -> 110 | ... AL61: =IF(R61<20,0,IF(R61<25,20,IF(R61<30,40,IF(R61<=40,60+(R61-30)*3,60+30+(R61-40)*4)))) -> 0 | AM61: =SUM(X61:AL61) -> 331
A62: HAFI236 | B62: BENDADOUH FATIMA | C62: MARAVILLA | D62: 7.5 | F62: 12 | G62: 22.5 | J62: 25.5 | K62: 34.5 | S62: =SUM(D62:R62) -> 102 | T62: 1 | U62: HAFI236 | V62: BENDADOUH FATIMA | W62: MARAVILLA | X62: =IF(D62<20,0,IF(D62<25,20,IF(D62<30,40,IF(D62<=40,60+(D62-30)*3,60+30+(D62-40)*4)))) -> 0 | Y62: =IF(E62<20,0,IF(E62<25,20,IF(E62<30,40,IF(E62<=40,60+(E62-30)*3,60+30+(E62-40)*4)))) -> 0 | Z62: =IF(F62<20,0,IF(F62<25,20,IF(F62<30,40,IF(F62<=40,60+(F62-30)*3,60+30+(F62-40)*4)))) -> 0 | AA62: =IF(G62<20,0,IF(G62<25,20,IF(G62<30,40,IF(G62<=40,60+(G62-30)*3,60+30+(G62-40)*4)))) -> 20 | AB62: =IF(H62<20,0,IF(H62<25,20,IF(H62<30,40,IF(H62<=40,60+(H62-30)*3,60+30+(H62-40)*4)))) -> 0 | AC62: =IF(I62<20,0,IF(I62<25,20,IF(I62<30,40,IF(I62<=40,60+(I62-30)*3,60+30+(I62-40)*4)))) -> 0 | AD62: =IF(J62<20,0,IF(J62<25,20,IF(J62<30,40,IF(J62<=40,60+(J62-30)*3,60+30+(J62-40)*4)))) -> 40 | AE62: =IF(K62<20,0,IF(K62<25,20,IF(K62<30,40,IF(K62<=40,60+(K62-30)*3,60+30+(K62-40)*4)))) -> 73.5 | ... AL62: =IF(R62<20,0,IF(R62<25,20,IF(R62<30,40,IF(R62<=40,60+(R62-30)*3,60+30+(R62-40)*4)))) -> 0 | AM62: =SUM(X62:AL62) -> 133.5
A63: HAFI237 | B63: EL AKRAA LATIFA | C63: MARAVILLA | D63: 10.5 | E63: 9 | F63: 15 | H63: 20.5 | S63: =SUM(D63:R63) -> 55 | T63: 1 | U63: HAFI237 | V63: EL AKRAA LATIFA | W63: MARAVILLA | X63: =IF(D63<20,0,IF(D63<25,20,IF(D63<30,40,IF(D63<=40,60+(D63-30)*3,60+30+(D63-40)*4)))) -> 0 | Y63: =IF(E63<20,0,IF(E63<25,20,IF(E63<30,40,IF(E63<=40,60+(E63-30)*3,60+30+(E63-40)*4)))) -> 0 | Z63: =IF(F63<20,0,IF(F63<25,20,IF(F63<30,40,IF(F63<=40,60+(F63-30)*3,60+30+(F63-40)*4)))) -> 0 | AA63: =IF(G63<20,0,IF(G63<25,20,IF(G63<30,40,IF(G63<=40,60+(G63-30)*3,60+30+(G63-40)*4)))) -> 0 | AB63: =IF(H63<20,0,IF(H63<25,20,IF(H63<30,40,IF(H63<=40,60+(H63-30)*3,60+30+(H63-40)*4)))) -> 20 | AC63: =IF(I63<20,0,IF(I63<25,20,IF(I63<30,40,IF(I63<=40,60+(I63-30)*3,60+30+(I63-40)*4)))) -> 0 | AD63: =IF(J63<20,0,IF(J63<25,20,IF(J63<30,40,IF(J63<=40,60+(J63-30)*3,60+30+(J63-40)*4)))) -> 0 | AE63: =IF(K63<20,0,IF(K63<25,20,IF(K63<30,40,IF(K63<=40,60+(K63-30)*3,60+30+(K63-40)*4)))) -> 0 | ... AL63: =IF(R63<20,0,IF(R63<25,20,IF(R63<30,40,IF(R63<=40,60+(R63-30)*3,60+30+(R63-40)*4)))) -> 0 | AM63: =SUM(X63:AL63) -> 20
A64: HAFI239 | B64: EL HAFI NADIA | C64: MARAVILLA | D64: 4.5 | E64: 10.5 | F64: 22.5 | H64: 13 | J64: 34.5 | K64: 40.5 | S64: =SUM(D64:R64) -> 125.5 | T64: 1 | U64: HAFI239 | V64: EL HAFI NADIA | W64: MARAVILLA | X64: =IF(D64<20,0,IF(D64<25,20,IF(D64<30,40,IF(D64<=40,60+(D64-30)*3,60+30+(D64-40)*4)))) -> 0 | Y64: =IF(E64<20,0,IF(E64<25,20,IF(E64<30,40,IF(E64<=40,60+(E64-30)*3,60+30+(E64-40)*4)))) -> 0 | Z64: =IF(F64<20,0,IF(F64<25,20,IF(F64<30,40,IF(F64<=40,60+(F64-30)*3,60+30+(F64-40)*4)))) -> 20 | AA64: =IF(G64<20,0,IF(G64<25,20,IF(G64<30,40,IF(G64<=40,60+(G64-30)*3,60+30+(G64-40)*4)))) -> 0 | AB64: =IF(H64<20,0,IF(H64<25,20,IF(H64<30,40,IF(H64<=40,60+(H64-30)*3,60+30+(H64-40)*4)))) -> 0 | AC64: =IF(I64<20,0,IF(I64<25,20,IF(I64<30,40,IF(I64<=40,60+(I64-30)*3,60+30+(I64-40)*4)))) -> 0 | AD64: =IF(J64<20,0,IF(J64<25,20,IF(J64<30,40,IF(J64<=40,60+(J64-30)*3,60+30+(J64-40)*4)))) -> 73.5 | AE64: =IF(K64<20,0,IF(K64<25,20,IF(K64<30,40,IF(K64<=40,60+(K64-30)*3,60+30+(K64-40)*4)))) -> 92 | ... AL64: =IF(R64<20,0,IF(R64<25,20,IF(R64<30,40,IF(R64<=40,60+(R64-30)*3,60+30+(R64-40)*4)))) -> 0 | AM64: =SUM(X64:AL64) -> 185.5
A65: HAFI242 | B65: SAIBARI FADILA | C65: MARAVILLA | D65: 7.5 | E65: 6 | F65: 18 | G65: 33 | H65: 23 | I65: 22.5 | J65: 30 | K65: 33 | M65: 37.5 | S65: =SUM(D65:R65) -> 210.5 | T65: 1 | U65: HAFI242 | V65: SAIBARI FADILA | W65: MARAVILLA | X65: =IF(D65<20,0,IF(D65<25,20,IF(D65<30,40,IF(D65<=40,60+(D65-30)*3,60+30+(D65-40)*4)))) -> 0 | Y65: =IF(E65<20,0,IF(E65<25,20,IF(E65<30,40,IF(E65<=40,60+(E65-30)*3,60+30+(E65-40)*4)))) -> 0 | Z65: =IF(F65<20,0,IF(F65<25,20,IF(F65<30,40,IF(F65<=40,60+(F65-30)*3,60+30+(F65-40)*4)))) -> 0 | AA65: =IF(G65<20,0,IF(G65<25,20,IF(G65<30,40,IF(G65<=40,60+(G65-30)*3,60+30+(G65-40)*4)))) -> 69 | AB65: =IF(H65<20,0,IF(H65<25,20,IF(H65<30,40,IF(H65<=40,60+(H65-30)*3,60+30+(H65-40)*4)))) -> 20 | AC65: =IF(I65<20,0,IF(I65<25,20,IF(I65<30,40,IF(I65<=40,60+(I65-30)*3,60+30+(I65-40)*4)))) -> 20 | AD65: =IF(J65<20,0,IF(J65<25,20,IF(J65<30,40,IF(J65<=40,60+(J65-30)*3,60+30+(J65-40)*4)))) -> 60 | AE65: =IF(K65<20,0,IF(K65<25,20,IF(K65<30,40,IF(K65<=40,60+(K65-30)*3,60+30+(K65-40)*4)))) -> 69 | ... AL65: =IF(R65<20,0,IF(R65<25,20,IF(R65<30,40,IF(R65<=40,60+(R65-30)*3,60+30+(R65-40)*4)))) -> 0 | AM65: =SUM(X65:AL65) -> 320.5
A66: HAFI277 | B66: NAMSSI FATIHA | C66: MARAVILLA | D66: 7.5 | E66: 10.5 | J66: 30 | K66: 37.5 | S66: =SUM(D66:R66) -> 85.5 | T66: 1 | U66: HAFI277 | V66: NAMSSI FATIHA | W66: MARAVILLA | X66: =IF(D66<20,0,IF(D66<25,20,IF(D66<30,40,IF(D66<=40,60+(D66-30)*3,60+30+(D66-40)*4)))) -> 0 | Y66: =IF(E66<20,0,IF(E66<25,20,IF(E66<30,40,IF(E66<=40,60+(E66-30)*3,60+30+(E66-40)*4)))) -> 0 | Z66: =IF(F66<20,0,IF(F66<25,20,IF(F66<30,40,IF(F66<=40,60+(F66-30)*3,60+30+(F66-40)*4)))) -> 0 | AA66: =IF(G66<20,0,IF(G66<25,20,IF(G66<30,40,IF(G66<=40,60+(G66-30)*3,60+30+(G66-40)*4)))) -> 0 | AB66: =IF(H66<20,0,IF(H66<25,20,IF(H66<30,40,IF(H66<=40,60+(H66-30)*3,60+30+(H66-40)*4)))) -> 0 | AC66: =IF(I66<20,0,IF(I66<25,20,IF(I66<30,40,IF(I66<=40,60+(I66-30)*3,60+30+(I66-40)*4)))) -> 0 | AD66: =IF(J66<20,0,IF(J66<25,20,IF(J66<30,40,IF(J66<=40,60+(J66-30)*3,60+30+(J66-40)*4)))) -> 60 | AE66: =IF(K66<20,0,IF(K66<25,20,IF(K66<30,40,IF(K66<=40,60+(K66-30)*3,60+30+(K66-40)*4)))) -> 82.5 | ... AL66: =IF(R66<20,0,IF(R66<25,20,IF(R66<30,40,IF(R66<=40,60+(R66-30)*3,60+30+(R66-40)*4)))) -> 0 | AM66: =SUM(X66:AL66) -> 142.5
A67: HAFI2776 | B67: EL FAKROUN ZOHRA | C67: MARAVILLA | D67: 7.5 | E67: 4.5 | G67: 27 | H67: 13.5 | I67: 22.5 | J67: 27 | K67: 30 | S67: =SUM(D67:R67) -> 132 | T67: 1 | U67: HAFI2776 | V67: EL FAKROUN ZOHRA | W67: MARAVILLA | X67: =IF(D67<20,0,IF(D67<25,20,IF(D67<30,40,IF(D67<=40,60+(D67-30)*3,60+30+(D67-40)*4)))) -> 0 | Y67: =IF(E67<20,0,IF(E67<25,20,IF(E67<30,40,IF(E67<=40,60+(E67-30)*3,60+30+(E67-40)*4)))) -> 0 | Z67: =IF(F67<20,0,IF(F67<25,20,IF(F67<30,40,IF(F67<=40,60+(F67-30)*3,60+30+(F67-40)*4)))) -> 0 | AA67: =IF(G67<20,0,IF(G67<25,20,IF(G67<30,40,IF(G67<=40,60+(G67-30)*3,60+30+(G67-40)*4)))) -> 40 | AB67: =IF(H67<20,0,IF(H67<25,20,IF(H67<30,40,IF(H67<=40,60+(H67-30)*3,60+30+(H67-40)*4)))) -> 0 | AC67: =IF(I67<20,0,IF(I67<25,20,IF(I67<30,40,IF(I67<=40,60+(I67-30)*3,60+30+(I67-40)*4)))) -> 20 | AD67: =IF(J67<20,0,IF(J67<25,20,IF(J67<30,40,IF(J67<=40,60+(J67-30)*3,60+30+(J67-40)*4)))) -> 40 | AE67: =IF(K67<20,0,IF(K67<25,20,IF(K67<30,40,IF(K67<=40,60+(K67-30)*3,60+30+(K67-40)*4)))) -> 60 | ... AL67: =IF(R67<20,0,IF(R67<25,20,IF(R67<30,40,IF(R67<=40,60+(R67-30)*3,60+30+(R67-40)*4)))) -> 0 | AM67: =SUM(X67:AL67) -> 160
A68: HAFI291 | B68: EL JELLOULI LATIFA | C68: MARAVILLA | F68: 16.5 | G68: 24 | H68: 19 | I68: 21 | J68: 33 | K68: 37.5 | M68: 40.5 | S68: =SUM(D68:R68) -> 191.5 | T68: 1 | U68: HAFI291 | V68: EL JELLOULI LATIFA | W68: MARAVILLA | X68: =IF(D68<20,0,IF(D68<25,20,IF(D68<30,40,IF(D68<=40,60+(D68-30)*3,60+30+(D68-40)*4)))) -> 0 | Y68: =IF(E68<20,0,IF(E68<25,20,IF(E68<30,40,IF(E68<=40,60+(E68-30)*3,60+30+(E68-40)*4)))) -> 0 | Z68: =IF(F68<20,0,IF(F68<25,20,IF(F68<30,40,IF(F68<=40,60+(F68-30)*3,60+30+(F68-40)*4)))) -> 0 | AA68: =IF(G68<20,0,IF(G68<25,20,IF(G68<30,40,IF(G68<=40,60+(G68-30)*3,60+30+(G68-40)*4)))) -> 20 | AB68: =IF(H68<20,0,IF(H68<25,20,IF(H68<30,40,IF(H68<=40,60+(H68-30)*3,60+30+(H68-40)*4)))) -> 0 | AC68: =IF(I68<20,0,IF(I68<25,20,IF(I68<30,40,IF(I68<=40,60+(I68-30)*3,60+30+(I68-40)*4)))) -> 20 | AD68: =IF(J68<20,0,IF(J68<25,20,IF(J68<30,40,IF(J68<=40,60+(J68-30)*3,60+30+(J68-40)*4)))) -> 69 | AE68: =IF(K68<20,0,IF(K68<25,20,IF(K68<30,40,IF(K68<=40,60+(K68-30)*3,60+30+(K68-40)*4)))) -> 82.5 | ... AL68: =IF(R68<20,0,IF(R68<25,20,IF(R68<30,40,IF(R68<=40,60+(R68-30)*3,60+30+(R68-40)*4)))) -> 0 | AM68: =SUM(X68:AL68) -> 283.5
A69: HAFI3260 | B69: BEHAIBAH ASSIYA | C69: MARAVILLA | I69: 12 | J69: 30 | S69: =SUM(D69:R69) -> 42 | T69: 1 | U69: HAFI3260 | V69: BEHAIBAH ASSIYA | W69: MARAVILLA | X69: =IF(D69<20,0,IF(D69<25,20,IF(D69<30,40,IF(D69<=40,60+(D69-30)*3,60+30+(D69-40)*4)))) -> 0 | Y69: =IF(E69<20,0,IF(E69<25,20,IF(E69<30,40,IF(E69<=40,60+(E69-30)*3,60+30+(E69-40)*4)))) -> 0 | Z69: =IF(F69<20,0,IF(F69<25,20,IF(F69<30,40,IF(F69<=40,60+(F69-30)*3,60+30+(F69-40)*4)))) -> 0 | AA69: =IF(G69<20,0,IF(G69<25,20,IF(G69<30,40,IF(G69<=40,60+(G69-30)*3,60+30+(G69-40)*4)))) -> 0 | AB69: =IF(H69<20,0,IF(H69<25,20,IF(H69<30,40,IF(H69<=40,60+(H69-30)*3,60+30+(H69-40)*4)))) -> 0 | AC69: =IF(I69<20,0,IF(I69<25,20,IF(I69<30,40,IF(I69<=40,60+(I69-30)*3,60+30+(I69-40)*4)))) -> 0 | AD69: =IF(J69<20,0,IF(J69<25,20,IF(J69<30,40,IF(J69<=40,60+(J69-30)*3,60+30+(J69-40)*4)))) -> 60 | AE69: =IF(K69<20,0,IF(K69<25,20,IF(K69<30,40,IF(K69<=40,60+(K69-30)*3,60+30+(K69-40)*4)))) -> 0 | ... AL69: =IF(R69<20,0,IF(R69<25,20,IF(R69<30,40,IF(R69<=40,60+(R69-30)*3,60+30+(R69-40)*4)))) -> 0 | AM69: =SUM(X69:AL69) -> 60
A70: HAFI3506 | B70: EL GHARBAOUI NAJIA | C70: MARAVILLA | D70: 9 | E70: 15 | F70: 18 | H70: 19.5 | J70: 30 | K70: 33 | S70: =SUM(D70:R70) -> 124.5 | T70: 1 | U70: HAFI3506 | V70: EL GHARBAOUI NAJIA | W70: MARAVILLA | X70: =IF(D70<20,0,IF(D70<25,20,IF(D70<30,40,IF(D70<=40,60+(D70-30)*3,60+30+(D70-40)*4)))) -> 0 | Y70: =IF(E70<20,0,IF(E70<25,20,IF(E70<30,40,IF(E70<=40,60+(E70-30)*3,60+30+(E70-40)*4)))) -> 0 | Z70: =IF(F70<20,0,IF(F70<25,20,IF(F70<30,40,IF(F70<=40,60+(F70-30)*3,60+30+(F70-40)*4)))) -> 0 | AA70: =IF(G70<20,0,IF(G70<25,20,IF(G70<30,40,IF(G70<=40,60+(G70-30)*3,60+30+(G70-40)*4)))) -> 0 | AB70: =IF(H70<20,0,IF(H70<25,20,IF(H70<30,40,IF(H70<=40,60+(H70-30)*3,60+30+(H70-40)*4)))) -> 0 | AC70: =IF(I70<20,0,IF(I70<25,20,IF(I70<30,40,IF(I70<=40,60+(I70-30)*3,60+30+(I70-40)*4)))) -> 0 | AD70: =IF(J70<20,0,IF(J70<25,20,IF(J70<30,40,IF(J70<=40,60+(J70-30)*3,60+30+(J70-40)*4)))) -> 60 | AE70: =IF(K70<20,0,IF(K70<25,20,IF(K70<30,40,IF(K70<=40,60+(K70-30)*3,60+30+(K70-40)*4)))) -> 69 | ... AL70: =IF(R70<20,0,IF(R70<25,20,IF(R70<30,40,IF(R70<=40,60+(R70-30)*3,60+30+(R70-40)*4)))) -> 0 | AM70: =SUM(X70:AL70) -> 129
A71: HAFI3590 | B71: EL HAFI MOUNIA | C71: MARAVILLA | S71: =SUM(D71:R71) -> 0 | T71: 1 | U71: HAFI3590 | V71: EL HAFI MOUNIA | W71: MARAVILLA | X71: =IF(D71<20,0,IF(D71<25,20,IF(D71<30,40,IF(D71<=40,60+(D71-30)*3,60+30+(D71-40)*4)))) -> 0 | Y71: =IF(E71<20,0,IF(E71<25,20,IF(E71<30,40,IF(E71<=40,60+(E71-30)*3,60+30+(E71-40)*4)))) -> 0 | Z71: =IF(F71<20,0,IF(F71<25,20,IF(F71<30,40,IF(F71<=40,60+(F71-30)*3,60+30+(F71-40)*4)))) -> 0 | AA71: =IF(G71<20,0,IF(G71<25,20,IF(G71<30,40,IF(G71<=40,60+(G71-30)*3,60+30+(G71-40)*4)))) -> 0 | AB71: =IF(H71<20,0,IF(H71<25,20,IF(H71<30,40,IF(H71<=40,60+(H71-30)*3,60+30+(H71-40)*4)))) -> 0 | AC71: =IF(I71<20,0,IF(I71<25,20,IF(I71<30,40,IF(I71<=40,60+(I71-30)*3,60+30+(I71-40)*4)))) -> 0 | AD71: =IF(J71<20,0,IF(J71<25,20,IF(J71<30,40,IF(J71<=40,60+(J71-30)*3,60+30+(J71-40)*4)))) -> 0 | AE71: =IF(K71<20,0,IF(K71<25,20,IF(K71<30,40,IF(K71<=40,60+(K71-30)*3,60+30+(K71-40)*4)))) -> 0 | ... AL71: =IF(R71<20,0,IF(R71<25,20,IF(R71<30,40,IF(R71<=40,60+(R71-30)*3,60+30+(R71-40)*4)))) -> 0 | AM71: =SUM(X71:AL71) -> 0
A72: HAFI366 | B72: REZZOUK RAHMA | C72: MARAVILLA | D72: 6 | E72: 9 | I72: 21 | J72: 30 | K72: 30 | M72: 37.5 | S72: =SUM(D72:R72) -> 133.5 | T72: 1 | U72: HAFI366 | V72: REZZOUK RAHMA | W72: MARAVILLA | X72: =IF(D72<20,0,IF(D72<25,20,IF(D72<30,40,IF(D72<=40,60+(D72-30)*3,60+30+(D72-40)*4)))) -> 0 | Y72: =IF(E72<20,0,IF(E72<25,20,IF(E72<30,40,IF(E72<=40,60+(E72-30)*3,60+30+(E72-40)*4)))) -> 0 | Z72: =IF(F72<20,0,IF(F72<25,20,IF(F72<30,40,IF(F72<=40,60+(F72-30)*3,60+30+(F72-40)*4)))) -> 0 | AA72: =IF(G72<20,0,IF(G72<25,20,IF(G72<30,40,IF(G72<=40,60+(G72-30)*3,60+30+(G72-40)*4)))) -> 0 | AB72: =IF(H72<20,0,IF(H72<25,20,IF(H72<30,40,IF(H72<=40,60+(H72-30)*3,60+30+(H72-40)*4)))) -> 0 | AC72: =IF(I72<20,0,IF(I72<25,20,IF(I72<30,40,IF(I72<=40,60+(I72-30)*3,60+30+(I72-40)*4)))) -> 20 | AD72: =IF(J72<20,0,IF(J72<25,20,IF(J72<30,40,IF(J72<=40,60+(J72-30)*3,60+30+(J72-40)*4)))) -> 60 | AE72: =IF(K72<20,0,IF(K72<25,20,IF(K72<30,40,IF(K72<=40,60+(K72-30)*3,60+30+(K72-40)*4)))) -> 60 | ... AL72: =IF(R72<20,0,IF(R72<25,20,IF(R72<30,40,IF(R72<=40,60+(R72-30)*3,60+30+(R72-40)*4)))) -> 0 | AM72: =SUM(X72:AL72) -> 222.5
A73: HAFI372 | B73: EL JELOULI RACHIDA 1 | C73: MARAVILLA | D73: 10.5 | E73: 9 | F73: 21 | H73: 21 | K73: 36 | S73: =SUM(D73:R73) -> 97.5 | T73: 1 | U73: HAFI372 | V73: EL JELOULI RACHIDA 1 | W73: MARAVILLA | X73: =IF(D73<20,0,IF(D73<25,20,IF(D73<30,40,IF(D73<=40,60+(D73-30)*3,60+30+(D73-40)*4)))) -> 0 | Y73: =IF(E73<20,0,IF(E73<25,20,IF(E73<30,40,IF(E73<=40,60+(E73-30)*3,60+30+(E73-40)*4)))) -> 0 | Z73: =IF(F73<20,0,IF(F73<25,20,IF(F73<30,40,IF(F73<=40,60+(F73-30)*3,60+30+(F73-40)*4)))) -> 20 | AA73: =IF(G73<20,0,IF(G73<25,20,IF(G73<30,40,IF(G73<=40,60+(G73-30)*3,60+30+(G73-40)*4)))) -> 0 | AB73: =IF(H73<20,0,IF(H73<25,20,IF(H73<30,40,IF(H73<=40,60+(H73-30)*3,60+30+(H73-40)*4)))) -> 20 | AC73: =IF(I73<20,0,IF(I73<25,20,IF(I73<30,40,IF(I73<=40,60+(I73-30)*3,60+30+(I73-40)*4)))) -> 0 | AD73: =IF(J73<20,0,IF(J73<25,20,IF(J73<30,40,IF(J73<=40,60+(J73-30)*3,60+30+(J73-40)*4)))) -> 0 | AE73: =IF(K73<20,0,IF(K73<25,20,IF(K73<30,40,IF(K73<=40,60+(K73-30)*3,60+30+(K73-40)*4)))) -> 78 | ... AL73: =IF(R73<20,0,IF(R73<25,20,IF(R73<30,40,IF(R73<=40,60+(R73-30)*3,60+30+(R73-40)*4)))) -> 0 | AM73: =SUM(X73:AL73) -> 118
A74: HAFI4015 | B74: BENABDELLAH SOUKAINA | C74: MARAVILLA | D74: 6 | J74: 21 | K74: 24 | S74: =SUM(D74:R74) -> 51 | T74: 1 | U74: HAFI4015 | V74: BENABDELLAH SOUKAINA | W74: MARAVILLA | X74: =IF(D74<20,0,IF(D74<25,20,IF(D74<30,40,IF(D74<=40,60+(D74-30)*3,60+30+(D74-40)*4)))) -> 0 | Y74: =IF(E74<20,0,IF(E74<25,20,IF(E74<30,40,IF(E74<=40,60+(E74-30)*3,60+30+(E74-40)*4)))) -> 0 | Z74: =IF(F74<20,0,IF(F74<25,20,IF(F74<30,40,IF(F74<=40,60+(F74-30)*3,60+30+(F74-40)*4)))) -> 0 | AA74: =IF(G74<20,0,IF(G74<25,20,IF(G74<30,40,IF(G74<=40,60+(G74-30)*3,60+30+(G74-40)*4)))) -> 0 | AB74: =IF(H74<20,0,IF(H74<25,20,IF(H74<30,40,IF(H74<=40,60+(H74-30)*3,60+30+(H74-40)*4)))) -> 0 | AC74: =IF(I74<20,0,IF(I74<25,20,IF(I74<30,40,IF(I74<=40,60+(I74-30)*3,60+30+(I74-40)*4)))) -> 0 | AD74: =IF(J74<20,0,IF(J74<25,20,IF(J74<30,40,IF(J74<=40,60+(J74-30)*3,60+30+(J74-40)*4)))) -> 20 | AE74: =IF(K74<20,0,IF(K74<25,20,IF(K74<30,40,IF(K74<=40,60+(K74-30)*3,60+30+(K74-40)*4)))) -> 20 | ... AL74: =IF(R74<20,0,IF(R74<25,20,IF(R74<30,40,IF(R74<=40,60+(R74-30)*3,60+30+(R74-40)*4)))) -> 0 | AM74: =SUM(X74:AL74) -> 40
A75: HAFI4333 | B75: EL HAFI FATIMA ZOHRA 1 | C75: MARAVILLA | D75: 4.5 | J75: 31.5 | K75: 33 | M75: 42 | S75: =SUM(D75:R75) -> 111 | T75: 1 | U75: HAFI4333 | V75: EL HAFI FATIMA ZOHRA 1 | W75: MARAVILLA | X75: =IF(D75<20,0,IF(D75<25,20,IF(D75<30,40,IF(D75<=40,60+(D75-30)*3,60+30+(D75-40)*4)))) -> 0 | Y75: =IF(E75<20,0,IF(E75<25,20,IF(E75<30,40,IF(E75<=40,60+(E75-30)*3,60+30+(E75-40)*4)))) -> 0 | Z75: =IF(F75<20,0,IF(F75<25,20,IF(F75<30,40,IF(F75<=40,60+(F75-30)*3,60+30+(F75-40)*4)))) -> 0 | AA75: =IF(G75<20,0,IF(G75<25,20,IF(G75<30,40,IF(G75<=40,60+(G75-30)*3,60+30+(G75-40)*4)))) -> 0 | AB75: =IF(H75<20,0,IF(H75<25,20,IF(H75<30,40,IF(H75<=40,60+(H75-30)*3,60+30+(H75-40)*4)))) -> 0 | AC75: =IF(I75<20,0,IF(I75<25,20,IF(I75<30,40,IF(I75<=40,60+(I75-30)*3,60+30+(I75-40)*4)))) -> 0 | AD75: =IF(J75<20,0,IF(J75<25,20,IF(J75<30,40,IF(J75<=40,60+(J75-30)*3,60+30+(J75-40)*4)))) -> 64.5 | AE75: =IF(K75<20,0,IF(K75<25,20,IF(K75<30,40,IF(K75<=40,60+(K75-30)*3,60+30+(K75-40)*4)))) -> 69 | ... AL75: =IF(R75<20,0,IF(R75<25,20,IF(R75<30,40,IF(R75<=40,60+(R75-30)*3,60+30+(R75-40)*4)))) -> 0 | AM75: =SUM(X75:AL75) -> 231.5
A76: HAFI4470 | B76: EL AISSOU AMAL | C76: MARAVILLA | D76: 9 | E76: 6 | H76: 23.5 | J76: 25.5 | K76: 25.5 | S76: =SUM(D76:R76) -> 89.5 | T76: 1 | U76: HAFI4470 | V76: EL AISSOU AMAL | W76: MARAVILLA | X76: =IF(D76<20,0,IF(D76<25,20,IF(D76<30,40,IF(D76<=40,60+(D76-30)*3,60+30+(D76-40)*4)))) -> 0 | Y76: =IF(E76<20,0,IF(E76<25,20,IF(E76<30,40,IF(E76<=40,60+(E76-30)*3,60+30+(E76-40)*4)))) -> 0 | Z76: =IF(F76<20,0,IF(F76<25,20,IF(F76<30,40,IF(F76<=40,60+(F76-30)*3,60+30+(F76-40)*4)))) -> 0 | AA76: =IF(G76<20,0,IF(G76<25,20,IF(G76<30,40,IF(G76<=40,60+(G76-30)*3,60+30+(G76-40)*4)))) -> 0 | AB76: =IF(H76<20,0,IF(H76<25,20,IF(H76<30,40,IF(H76<=40,60+(H76-30)*3,60+30+(H76-40)*4)))) -> 20 | AC76: =IF(I76<20,0,IF(I76<25,20,IF(I76<30,40,IF(I76<=40,60+(I76-30)*3,60+30+(I76-40)*4)))) -> 0 | AD76: =IF(J76<20,0,IF(J76<25,20,IF(J76<30,40,IF(J76<=40,60+(J76-30)*3,60+30+(J76-40)*4)))) -> 40 | AE76: =IF(K76<20,0,IF(K76<25,20,IF(K76<30,40,IF(K76<=40,60+(K76-30)*3,60+30+(K76-40)*4)))) -> 40 | ... AL76: =IF(R76<20,0,IF(R76<25,20,IF(R76<30,40,IF(R76<=40,60+(R76-30)*3,60+30+(R76-40)*4)))) -> 0 | AM76: =SUM(X76:AL76) -> 100
A77: HAFI4473 | B77: ASSOU FATIMA ZOHRA | C77: MARAVILLA | I77: 21 | J77: 30 | K77: 34.5 | M77: 36 | S77: =SUM(D77:R77) -> 121.5 | T77: 1 | U77: HAFI4473 | V77: ASSOU FATIMA ZOHRA | W77: MARAVILLA | X77: =IF(D77<20,0,IF(D77<25,20,IF(D77<30,40,IF(D77<=40,60+(D77-30)*3,60+30+(D77-40)*4)))) -> 0 | Y77: =IF(E77<20,0,IF(E77<25,20,IF(E77<30,40,IF(E77<=40,60+(E77-30)*3,60+30+(E77-40)*4)))) -> 0 | Z77: =IF(F77<20,0,IF(F77<25,20,IF(F77<30,40,IF(F77<=40,60+(F77-30)*3,60+30+(F77-40)*4)))) -> 0 | AA77: =IF(G77<20,0,IF(G77<25,20,IF(G77<30,40,IF(G77<=40,60+(G77-30)*3,60+30+(G77-40)*4)))) -> 0 | AB77: =IF(H77<20,0,IF(H77<25,20,IF(H77<30,40,IF(H77<=40,60+(H77-30)*3,60+30+(H77-40)*4)))) -> 0 | AC77: =IF(I77<20,0,IF(I77<25,20,IF(I77<30,40,IF(I77<=40,60+(I77-30)*3,60+30+(I77-40)*4)))) -> 20 | AD77: =IF(J77<20,0,IF(J77<25,20,IF(J77<30,40,IF(J77<=40,60+(J77-30)*3,60+30+(J77-40)*4)))) -> 60 | AE77: =IF(K77<20,0,IF(K77<25,20,IF(K77<30,40,IF(K77<=40,60+(K77-30)*3,60+30+(K77-40)*4)))) -> 73.5 | ... AL77: =IF(R77<20,0,IF(R77<25,20,IF(R77<30,40,IF(R77<=40,60+(R77-30)*3,60+30+(R77-40)*4)))) -> 0 | AM77: =SUM(X77:AL77) -> 231.5
A78: HAFI4801 | B78: EL HAFI FATIMA ZOHRA | C78: MARAVILLA | G78: 15 | H78: 20 | J78: 30 | K78: 31.5 | S78: =SUM(D78:R78) -> 96.5 | T78: 1 | U78: HAFI4801 | V78: EL HAFI FATIMA ZOHRA | W78: MARAVILLA | X78: =IF(D78<20,0,IF(D78<25,20,IF(D78<30,40,IF(D78<=40,60+(D78-30)*3,60+30+(D78-40)*4)))) -> 0 | Y78: =IF(E78<20,0,IF(E78<25,20,IF(E78<30,40,IF(E78<=40,60+(E78-30)*3,60+30+(E78-40)*4)))) -> 0 | Z78: =IF(F78<20,0,IF(F78<25,20,IF(F78<30,40,IF(F78<=40,60+(F78-30)*3,60+30+(F78-40)*4)))) -> 0 | AA78: =IF(G78<20,0,IF(G78<25,20,IF(G78<30,40,IF(G78<=40,60+(G78-30)*3,60+30+(G78-40)*4)))) -> 0 | AB78: =IF(H78<20,0,IF(H78<25,20,IF(H78<30,40,IF(H78<=40,60+(H78-30)*3,60+30+(H78-40)*4)))) -> 20 | AC78: =IF(I78<20,0,IF(I78<25,20,IF(I78<30,40,IF(I78<=40,60+(I78-30)*3,60+30+(I78-40)*4)))) -> 0 | AD78: =IF(J78<20,0,IF(J78<25,20,IF(J78<30,40,IF(J78<=40,60+(J78-30)*3,60+30+(J78-40)*4)))) -> 60 | AE78: =IF(K78<20,0,IF(K78<25,20,IF(K78<30,40,IF(K78<=40,60+(K78-30)*3,60+30+(K78-40)*4)))) -> 64.5 | ... AL78: =IF(R78<20,0,IF(R78<25,20,IF(R78<30,40,IF(R78<=40,60+(R78-30)*3,60+30+(R78-40)*4)))) -> 0 | AM78: =SUM(X78:AL78) -> 144.5
A79: HAFI4848 | B79: ELA AKRAA SALMA | C79: MARAVILLA | G79: 15 | S79: =SUM(D79:R79) -> 15 | T79: 1 | U79: HAFI4848 | V79: ELA AKRAA SALMA | W79: MARAVILLA | X79: =IF(D79<20,0,IF(D79<25,20,IF(D79<30,40,IF(D79<=40,60+(D79-30)*3,60+30+(D79-40)*4)))) -> 0 | Y79: =IF(E79<20,0,IF(E79<25,20,IF(E79<30,40,IF(E79<=40,60+(E79-30)*3,60+30+(E79-40)*4)))) -> 0 | Z79: =IF(F79<20,0,IF(F79<25,20,IF(F79<30,40,IF(F79<=40,60+(F79-30)*3,60+30+(F79-40)*4)))) -> 0 | AA79: =IF(G79<20,0,IF(G79<25,20,IF(G79<30,40,IF(G79<=40,60+(G79-30)*3,60+30+(G79-40)*4)))) -> 0 | AB79: =IF(H79<20,0,IF(H79<25,20,IF(H79<30,40,IF(H79<=40,60+(H79-30)*3,60+30+(H79-40)*4)))) -> 0 | AC79: =IF(I79<20,0,IF(I79<25,20,IF(I79<30,40,IF(I79<=40,60+(I79-30)*3,60+30+(I79-40)*4)))) -> 0 | AD79: =IF(J79<20,0,IF(J79<25,20,IF(J79<30,40,IF(J79<=40,60+(J79-30)*3,60+30+(J79-40)*4)))) -> 0 | AE79: =IF(K79<20,0,IF(K79<25,20,IF(K79<30,40,IF(K79<=40,60+(K79-30)*3,60+30+(K79-40)*4)))) -> 0 | ... AL79: =IF(R79<20,0,IF(R79<25,20,IF(R79<30,40,IF(R79<=40,60+(R79-30)*3,60+30+(R79-40)*4)))) -> 0 | AM79: =SUM(X79:AL79) -> 0
A80: HAFI8022 | B80: HASSOUN AZIZA | C80: MARAVILLA | D80: 7.5 | E80: 7.5 | F80: 13.5 | G80: 24 | H80: 26.5 | J80: 24 | K80: 30 | M80: 31.5 | S80: =SUM(D80:R80) -> 164.5 | T80: 1 | U80: HAFI8022 | V80: HASSOUN AZIZA | W80: MARAVILLA | X80: =IF(D80<20,0,IF(D80<25,20,IF(D80<30,40,IF(D80<=40,60+(D80-30)*3,60+30+(D80-40)*4)))) -> 0 | Y80: =IF(E80<20,0,IF(E80<25,20,IF(E80<30,40,IF(E80<=40,60+(E80-30)*3,60+30+(E80-40)*4)))) -> 0 | Z80: =IF(F80<20,0,IF(F80<25,20,IF(F80<30,40,IF(F80<=40,60+(F80-30)*3,60+30+(F80-40)*4)))) -> 0 | AA80: =IF(G80<20,0,IF(G80<25,20,IF(G80<30,40,IF(G80<=40,60+(G80-30)*3,60+30+(G80-40)*4)))) -> 20 | AB80: =IF(H80<20,0,IF(H80<25,20,IF(H80<30,40,IF(H80<=40,60+(H80-30)*3,60+30+(H80-40)*4)))) -> 40 | AC80: =IF(I80<20,0,IF(I80<25,20,IF(I80<30,40,IF(I80<=40,60+(I80-30)*3,60+30+(I80-40)*4)))) -> 0 | AD80: =IF(J80<20,0,IF(J80<25,20,IF(J80<30,40,IF(J80<=40,60+(J80-30)*3,60+30+(J80-40)*4)))) -> 20 | AE80: =IF(K80<20,0,IF(K80<25,20,IF(K80<30,40,IF(K80<=40,60+(K80-30)*3,60+30+(K80-40)*4)))) -> 60 | ... AL80: =IF(R80<20,0,IF(R80<25,20,IF(R80<30,40,IF(R80<=40,60+(R80-30)*3,60+30+(R80-40)*4)))) -> 0 | AM80: =SUM(X80:AL80) -> 204.5
A81: HH10425 | B81: HAJI HANAE | C81: MARAVILLA | F81: 4.5 | H81: 4.5 | J81: 10.5 | L81: 25.5 | M81: 22.5 | S81: =SUM(D81:R81) -> 67.5 | T81: 1 | U81: HH10425 | V81: HAJI HANAE | W81: MARAVILLA | X81: =IF(D81<20,0,IF(D81<25,20,IF(D81<30,40,IF(D81<=40,60+(D81-30)*3,60+30+(D81-40)*4)))) -> 0 | Y81: =IF(E81<20,0,IF(E81<25,20,IF(E81<30,40,IF(E81<=40,60+(E81-30)*3,60+30+(E81-40)*4)))) -> 0 | Z81: =IF(F81<20,0,IF(F81<25,20,IF(F81<30,40,IF(F81<=40,60+(F81-30)*3,60+30+(F81-40)*4)))) -> 0 | AA81: =IF(G81<20,0,IF(G81<25,20,IF(G81<30,40,IF(G81<=40,60+(G81-30)*3,60+30+(G81-40)*4)))) -> 0 | AB81: =IF(H81<20,0,IF(H81<25,20,IF(H81<30,40,IF(H81<=40,60+(H81-30)*3,60+30+(H81-40)*4)))) -> 0 | AC81: =IF(I81<20,0,IF(I81<25,20,IF(I81<30,40,IF(I81<=40,60+(I81-30)*3,60+30+(I81-40)*4)))) -> 0 | AD81: =IF(J81<20,0,IF(J81<25,20,IF(J81<30,40,IF(J81<=40,60+(J81-30)*3,60+30+(J81-40)*4)))) -> 0 | AE81: =IF(K81<20,0,IF(K81<25,20,IF(K81<30,40,IF(K81<=40,60+(K81-30)*3,60+30+(K81-40)*4)))) -> 0 | ... AL81: =IF(R81<20,0,IF(R81<25,20,IF(R81<30,40,IF(R81<=40,60+(R81-30)*3,60+30+(R81-40)*4)))) -> 0 | AM81: =SUM(X81:AL81) -> 60
A82: HH10444 | B82: SAI IKRAM | C82: MARAVILLA | F82: 6 | G82: 7.5 | H82: 9 | I82: 15 | J82: 15 | K82: 16.5 | L82: 33 | M82: 24 | S82: =SUM(D82:R82) -> 126 | T82: 1 | U82: HH10444 | V82: SAI IKRAM | W82: MARAVILLA | X82: =IF(D82<20,0,IF(D82<25,20,IF(D82<30,40,IF(D82<=40,60+(D82-30)*3,60+30+(D82-40)*4)))) -> 0 | Y82: =IF(E82<20,0,IF(E82<25,20,IF(E82<30,40,IF(E82<=40,60+(E82-30)*3,60+30+(E82-40)*4)))) -> 0 | Z82: =IF(F82<20,0,IF(F82<25,20,IF(F82<30,40,IF(F82<=40,60+(F82-30)*3,60+30+(F82-40)*4)))) -> 0 | AA82: =IF(G82<20,0,IF(G82<25,20,IF(G82<30,40,IF(G82<=40,60+(G82-30)*3,60+30+(G82-40)*4)))) -> 0 | AB82: =IF(H82<20,0,IF(H82<25,20,IF(H82<30,40,IF(H82<=40,60+(H82-30)*3,60+30+(H82-40)*4)))) -> 0 | AC82: =IF(I82<20,0,IF(I82<25,20,IF(I82<30,40,IF(I82<=40,60+(I82-30)*3,60+30+(I82-40)*4)))) -> 0 | AD82: =IF(J82<20,0,IF(J82<25,20,IF(J82<30,40,IF(J82<=40,60+(J82-30)*3,60+30+(J82-40)*4)))) -> 0 | AE82: =IF(K82<20,0,IF(K82<25,20,IF(K82<30,40,IF(K82<=40,60+(K82-30)*3,60+30+(K82-40)*4)))) -> 0 | ... AL82: =IF(R82<20,0,IF(R82<25,20,IF(R82<30,40,IF(R82<=40,60+(R82-30)*3,60+30+(R82-40)*4)))) -> 0 | AM82: =SUM(X82:AL82) -> 89
A83: HH10450 | B83: HAJI YASSMIN | C83: MARAVILLA | F83: 4.5 | G83: 4.5 | H83: 9 | J83: 10.5 | K83: 16.5 | L83: 30 | M83: 31.5 | S83: =SUM(D83:R83) -> 106.5 | T83: 1 | U83: HH10450 | V83: HAJI YASSMIN | W83: MARAVILLA | X83: =IF(D83<20,0,IF(D83<25,20,IF(D83<30,40,IF(D83<=40,60+(D83-30)*3,60+30+(D83-40)*4)))) -> 0 | Y83: =IF(E83<20,0,IF(E83<25,20,IF(E83<30,40,IF(E83<=40,60+(E83-30)*3,60+30+(E83-40)*4)))) -> 0 | Z83: =IF(F83<20,0,IF(F83<25,20,IF(F83<30,40,IF(F83<=40,60+(F83-30)*3,60+30+(F83-40)*4)))) -> 0 | AA83: =IF(G83<20,0,IF(G83<25,20,IF(G83<30,40,IF(G83<=40,60+(G83-30)*3,60+30+(G83-40)*4)))) -> 0 | AB83: =IF(H83<20,0,IF(H83<25,20,IF(H83<30,40,IF(H83<=40,60+(H83-30)*3,60+30+(H83-40)*4)))) -> 0 | AC83: =IF(I83<20,0,IF(I83<25,20,IF(I83<30,40,IF(I83<=40,60+(I83-30)*3,60+30+(I83-40)*4)))) -> 0 | AD83: =IF(J83<20,0,IF(J83<25,20,IF(J83<30,40,IF(J83<=40,60+(J83-30)*3,60+30+(J83-40)*4)))) -> 0 | AE83: =IF(K83<20,0,IF(K83<25,20,IF(K83<30,40,IF(K83<=40,60+(K83-30)*3,60+30+(K83-40)*4)))) -> 0 | ... AL83: =IF(R83<20,0,IF(R83<25,20,IF(R83<30,40,IF(R83<=40,60+(R83-30)*3,60+30+(R83-40)*4)))) -> 0 | AM83: =SUM(X83:AL83) -> 124.5
A84: HH10495 | B84: SABRI SALMA | C84: MARAVILLA | E84: 4.5 | F84: 3 | G84: 3 | H84: 4.5 | I84: 9 | J84: 7.5 | S84: =SUM(D84:R84) -> 31.5 | T84: 1 | U84: HH10495 | V84: SABRI SALMA | W84: MARAVILLA | X84: =IF(D84<20,0,IF(D84<25,20,IF(D84<30,40,IF(D84<=40,60+(D84-30)*3,60+30+(D84-40)*4)))) -> 0 | Y84: =IF(E84<20,0,IF(E84<25,20,IF(E84<30,40,IF(E84<=40,60+(E84-30)*3,60+30+(E84-40)*4)))) -> 0 | Z84: =IF(F84<20,0,IF(F84<25,20,IF(F84<30,40,IF(F84<=40,60+(F84-30)*3,60+30+(F84-40)*4)))) -> 0 | AA84: =IF(G84<20,0,IF(G84<25,20,IF(G84<30,40,IF(G84<=40,60+(G84-30)*3,60+30+(G84-40)*4)))) -> 0 | AB84: =IF(H84<20,0,IF(H84<25,20,IF(H84<30,40,IF(H84<=40,60+(H84-30)*3,60+30+(H84-40)*4)))) -> 0 | AC84: =IF(I84<20,0,IF(I84<25,20,IF(I84<30,40,IF(I84<=40,60+(I84-30)*3,60+30+(I84-40)*4)))) -> 0 | AD84: =IF(J84<20,0,IF(J84<25,20,IF(J84<30,40,IF(J84<=40,60+(J84-30)*3,60+30+(J84-40)*4)))) -> 0 | AE84: =IF(K84<20,0,IF(K84<25,20,IF(K84<30,40,IF(K84<=40,60+(K84-30)*3,60+30+(K84-40)*4)))) -> 0 | ... AL84: =IF(R84<20,0,IF(R84<25,20,IF(R84<30,40,IF(R84<=40,60+(R84-30)*3,60+30+(R84-40)*4)))) -> 0 | AM84: =SUM(X84:AL84) -> 0
A85: HH10707 | B85: EL-ATTAFY ABDELKHALED | C85: MARAVILLA | L85: 30 | M85: 19.5 | S85: =SUM(D85:R85) -> 49.5 | T85: 1 | U85: HH10707 | V85: EL-ATTAFY ABDELKHALED | W85: MARAVILLA | X85: =IF(D85<20,0,IF(D85<25,20,IF(D85<30,40,IF(D85<=40,60+(D85-30)*3,60+30+(D85-40)*4)))) -> 0 | Y85: =IF(E85<20,0,IF(E85<25,20,IF(E85<30,40,IF(E85<=40,60+(E85-30)*3,60+30+(E85-40)*4)))) -> 0 | Z85: =IF(F85<20,0,IF(F85<25,20,IF(F85<30,40,IF(F85<=40,60+(F85-30)*3,60+30+(F85-40)*4)))) -> 0 | AA85: =IF(G85<20,0,IF(G85<25,20,IF(G85<30,40,IF(G85<=40,60+(G85-30)*3,60+30+(G85-40)*4)))) -> 0 | AB85: =IF(H85<20,0,IF(H85<25,20,IF(H85<30,40,IF(H85<=40,60+(H85-30)*3,60+30+(H85-40)*4)))) -> 0 | AC85: =IF(I85<20,0,IF(I85<25,20,IF(I85<30,40,IF(I85<=40,60+(I85-30)*3,60+30+(I85-40)*4)))) -> 0 | AD85: =IF(J85<20,0,IF(J85<25,20,IF(J85<30,40,IF(J85<=40,60+(J85-30)*3,60+30+(J85-40)*4)))) -> 0 | AE85: =IF(K85<20,0,IF(K85<25,20,IF(K85<30,40,IF(K85<=40,60+(K85-30)*3,60+30+(K85-40)*4)))) -> 0 | ... AL85: =IF(R85<20,0,IF(R85<25,20,IF(R85<30,40,IF(R85<=40,60+(R85-30)*3,60+30+(R85-40)*4)))) -> 0 | AM85: =SUM(X85:AL85) -> 60
A86: HH10708 | B86: EL HADIRA MOHSIN | C86: MARAVILLA | J86: 6 | L86: 16.5 | S86: =SUM(D86:R86) -> 22.5 | T86: 1 | U86: HH10708 | V86: EL HADIRA MOHSIN | W86: MARAVILLA | X86: =IF(D86<20,0,IF(D86<25,20,IF(D86<30,40,IF(D86<=40,60+(D86-30)*3,60+30+(D86-40)*4)))) -> 0 | Y86: =IF(E86<20,0,IF(E86<25,20,IF(E86<30,40,IF(E86<=40,60+(E86-30)*3,60+30+(E86-40)*4)))) -> 0 | Z86: =IF(F86<20,0,IF(F86<25,20,IF(F86<30,40,IF(F86<=40,60+(F86-30)*3,60+30+(F86-40)*4)))) -> 0 | AA86: =IF(G86<20,0,IF(G86<25,20,IF(G86<30,40,IF(G86<=40,60+(G86-30)*3,60+30+(G86-40)*4)))) -> 0 | AB86: =IF(H86<20,0,IF(H86<25,20,IF(H86<30,40,IF(H86<=40,60+(H86-30)*3,60+30+(H86-40)*4)))) -> 0 | AC86: =IF(I86<20,0,IF(I86<25,20,IF(I86<30,40,IF(I86<=40,60+(I86-30)*3,60+30+(I86-40)*4)))) -> 0 | AD86: =IF(J86<20,0,IF(J86<25,20,IF(J86<30,40,IF(J86<=40,60+(J86-30)*3,60+30+(J86-40)*4)))) -> 0 | AE86: =IF(K86<20,0,IF(K86<25,20,IF(K86<30,40,IF(K86<=40,60+(K86-30)*3,60+30+(K86-40)*4)))) -> 0 | ... AL86: =IF(R86<20,0,IF(R86<25,20,IF(R86<30,40,IF(R86<=40,60+(R86-30)*3,60+30+(R86-40)*4)))) -> 0 | AM86: =SUM(X86:AL86) -> 0
A87: HH10709 | B87: EL ZOUHRAI NASSIMA | C87: MARAVILLA | G87: 6 | S87: =SUM(D87:R87) -> 6 | T87: 1 | U87: HH10709 | V87: EL ZOUHRAI NASSIMA | W87: MARAVILLA | X87: =IF(D87<20,0,IF(D87<25,20,IF(D87<30,40,IF(D87<=40,60+(D87-30)*3,60+30+(D87-40)*4)))) -> 0 | Y87: =IF(E87<20,0,IF(E87<25,20,IF(E87<30,40,IF(E87<=40,60+(E87-30)*3,60+30+(E87-40)*4)))) -> 0 | Z87: =IF(F87<20,0,IF(F87<25,20,IF(F87<30,40,IF(F87<=40,60+(F87-30)*3,60+30+(F87-40)*4)))) -> 0 | AA87: =IF(G87<20,0,IF(G87<25,20,IF(G87<30,40,IF(G87<=40,60+(G87-30)*3,60+30+(G87-40)*4)))) -> 0 | AB87: =IF(H87<20,0,IF(H87<25,20,IF(H87<30,40,IF(H87<=40,60+(H87-30)*3,60+30+(H87-40)*4)))) -> 0 | AC87: =IF(I87<20,0,IF(I87<25,20,IF(I87<30,40,IF(I87<=40,60+(I87-30)*3,60+30+(I87-40)*4)))) -> 0 | AD87: =IF(J87<20,0,IF(J87<25,20,IF(J87<30,40,IF(J87<=40,60+(J87-30)*3,60+30+(J87-40)*4)))) -> 0 | AE87: =IF(K87<20,0,IF(K87<25,20,IF(K87<30,40,IF(K87<=40,60+(K87-30)*3,60+30+(K87-40)*4)))) -> 0 | ... AL87: =IF(R87<20,0,IF(R87<25,20,IF(R87<30,40,IF(R87<=40,60+(R87-30)*3,60+30+(R87-40)*4)))) -> 0 | AM87: =SUM(X87:AL87) -> 0
A88: HH10771 | B88: ES-SABABI EL MOSTAPHA | C88: MARAVILLA | S88: =SUM(D88:R88) -> 0 | T88: 1 | U88: HH10771 | V88: ES-SABABI EL MOSTAPHA | W88: MARAVILLA | X88: =IF(D88<20,0,IF(D88<25,20,IF(D88<30,40,IF(D88<=40,60+(D88-30)*3,60+30+(D88-40)*4)))) -> 0 | Y88: =IF(E88<20,0,IF(E88<25,20,IF(E88<30,40,IF(E88<=40,60+(E88-30)*3,60+30+(E88-40)*4)))) -> 0 | Z88: =IF(F88<20,0,IF(F88<25,20,IF(F88<30,40,IF(F88<=40,60+(F88-30)*3,60+30+(F88-40)*4)))) -> 0 | AA88: =IF(G88<20,0,IF(G88<25,20,IF(G88<30,40,IF(G88<=40,60+(G88-30)*3,60+30+(G88-40)*4)))) -> 0 | AB88: =IF(H88<20,0,IF(H88<25,20,IF(H88<30,40,IF(H88<=40,60+(H88-30)*3,60+30+(H88-40)*4)))) -> 0 | AC88: =IF(I88<20,0,IF(I88<25,20,IF(I88<30,40,IF(I88<=40,60+(I88-30)*3,60+30+(I88-40)*4)))) -> 0 | AD88: =IF(J88<20,0,IF(J88<25,20,IF(J88<30,40,IF(J88<=40,60+(J88-30)*3,60+30+(J88-40)*4)))) -> 0 | AE88: =IF(K88<20,0,IF(K88<25,20,IF(K88<30,40,IF(K88<=40,60+(K88-30)*3,60+30+(K88-40)*4)))) -> 0 | ... AL88: =IF(R88<20,0,IF(R88<25,20,IF(R88<30,40,IF(R88<=40,60+(R88-30)*3,60+30+(R88-40)*4)))) -> 0 | AM88: =SUM(X88:AL88) -> 0
A89: HH10772 | B89: BARQOQI ABDELMONTASSIR | C89: MARAVILLA | K89: 7.5 | M89: 28.5 | S89: =SUM(D89:R89) -> 36 | T89: 1 | U89: HH10772 | V89: BARQOQI ABDELMONTASSIR | W89: MARAVILLA | X89: =IF(D89<20,0,IF(D89<25,20,IF(D89<30,40,IF(D89<=40,60+(D89-30)*3,60+30+(D89-40)*4)))) -> 0 | Y89: =IF(E89<20,0,IF(E89<25,20,IF(E89<30,40,IF(E89<=40,60+(E89-30)*3,60+30+(E89-40)*4)))) -> 0 | Z89: =IF(F89<20,0,IF(F89<25,20,IF(F89<30,40,IF(F89<=40,60+(F89-30)*3,60+30+(F89-40)*4)))) -> 0 | AA89: =IF(G89<20,0,IF(G89<25,20,IF(G89<30,40,IF(G89<=40,60+(G89-30)*3,60+30+(G89-40)*4)))) -> 0 | AB89: =IF(H89<20,0,IF(H89<25,20,IF(H89<30,40,IF(H89<=40,60+(H89-30)*3,60+30+(H89-40)*4)))) -> 0 | AC89: =IF(I89<20,0,IF(I89<25,20,IF(I89<30,40,IF(I89<=40,60+(I89-30)*3,60+30+(I89-40)*4)))) -> 0 | AD89: =IF(J89<20,0,IF(J89<25,20,IF(J89<30,40,IF(J89<=40,60+(J89-30)*3,60+30+(J89-40)*4)))) -> 0 | AE89: =IF(K89<20,0,IF(K89<25,20,IF(K89<30,40,IF(K89<=40,60+(K89-30)*3,60+30+(K89-40)*4)))) -> 0 | ... AL89: =IF(R89<20,0,IF(R89<25,20,IF(R89<30,40,IF(R89<=40,60+(R89-30)*3,60+30+(R89-40)*4)))) -> 0 | AM89: =SUM(X89:AL89) -> 40
A90: HH10773 | B90: ES-SABABI ABDERRAHIM | C90: MARAVILLA | S90: =SUM(D90:R90) -> 0 | T90: 1 | U90: HH10773 | V90: ES-SABABI ABDERRAHIM | W90: MARAVILLA | X90: =IF(D90<20,0,IF(D90<25,20,IF(D90<30,40,IF(D90<=40,60+(D90-30)*3,60+30+(D90-40)*4)))) -> 0 | Y90: =IF(E90<20,0,IF(E90<25,20,IF(E90<30,40,IF(E90<=40,60+(E90-30)*3,60+30+(E90-40)*4)))) -> 0 | Z90: =IF(F90<20,0,IF(F90<25,20,IF(F90<30,40,IF(F90<=40,60+(F90-30)*3,60+30+(F90-40)*4)))) -> 0 | AA90: =IF(G90<20,0,IF(G90<25,20,IF(G90<30,40,IF(G90<=40,60+(G90-30)*3,60+30+(G90-40)*4)))) -> 0 | AB90: =IF(H90<20,0,IF(H90<25,20,IF(H90<30,40,IF(H90<=40,60+(H90-30)*3,60+30+(H90-40)*4)))) -> 0 | AC90: =IF(I90<20,0,IF(I90<25,20,IF(I90<30,40,IF(I90<=40,60+(I90-30)*3,60+30+(I90-40)*4)))) -> 0 | AD90: =IF(J90<20,0,IF(J90<25,20,IF(J90<30,40,IF(J90<=40,60+(J90-30)*3,60+30+(J90-40)*4)))) -> 0 | AE90: =IF(K90<20,0,IF(K90<25,20,IF(K90<30,40,IF(K90<=40,60+(K90-30)*3,60+30+(K90-40)*4)))) -> 0 | ... AL90: =IF(R90<20,0,IF(R90<25,20,IF(R90<30,40,IF(R90<=40,60+(R90-30)*3,60+30+(R90-40)*4)))) -> 0 | AM90: =SUM(X90:AL90) -> 0
A91: HH10774 | B91: ESSABABI AZIZ | C91: MARAVILLA | K91: 6 | L91: 19.5 | M91: 19.5 | S91: =SUM(D91:R91) -> 45 | T91: 1 | U91: HH10774 | V91: ESSABABI AZIZ | W91: MARAVILLA | X91: =IF(D91<20,0,IF(D91<25,20,IF(D91<30,40,IF(D91<=40,60+(D91-30)*3,60+30+(D91-40)*4)))) -> 0 | Y91: =IF(E91<20,0,IF(E91<25,20,IF(E91<30,40,IF(E91<=40,60+(E91-30)*3,60+30+(E91-40)*4)))) -> 0 | Z91: =IF(F91<20,0,IF(F91<25,20,IF(F91<30,40,IF(F91<=40,60+(F91-30)*3,60+30+(F91-40)*4)))) -> 0 | AA91: =IF(G91<20,0,IF(G91<25,20,IF(G91<30,40,IF(G91<=40,60+(G91-30)*3,60+30+(G91-40)*4)))) -> 0 | AB91: =IF(H91<20,0,IF(H91<25,20,IF(H91<30,40,IF(H91<=40,60+(H91-30)*3,60+30+(H91-40)*4)))) -> 0 | AC91: =IF(I91<20,0,IF(I91<25,20,IF(I91<30,40,IF(I91<=40,60+(I91-30)*3,60+30+(I91-40)*4)))) -> 0 | AD91: =IF(J91<20,0,IF(J91<25,20,IF(J91<30,40,IF(J91<=40,60+(J91-30)*3,60+30+(J91-40)*4)))) -> 0 | AE91: =IF(K91<20,0,IF(K91<25,20,IF(K91<30,40,IF(K91<=40,60+(K91-30)*3,60+30+(K91-40)*4)))) -> 0 | ... AL91: =IF(R91<20,0,IF(R91<25,20,IF(R91<30,40,IF(R91<=40,60+(R91-30)*3,60+30+(R91-40)*4)))) -> 0 | AM91: =SUM(X91:AL91) -> 0
A92: HH10775 | B92: EL-ATTAFI ABDELILAH | C92: MARAVILLA | S92: =SUM(D92:R92) -> 0 | T92: 1 | U92: HH10775 | V92: EL-ATTAFI ABDELILAH | W92: MARAVILLA | X92: =IF(D92<20,0,IF(D92<25,20,IF(D92<30,40,IF(D92<=40,60+(D92-30)*3,60+30+(D92-40)*4)))) -> 0 | Y92: =IF(E92<20,0,IF(E92<25,20,IF(E92<30,40,IF(E92<=40,60+(E92-30)*3,60+30+(E92-40)*4)))) -> 0 | Z92: =IF(F92<20,0,IF(F92<25,20,IF(F92<30,40,IF(F92<=40,60+(F92-30)*3,60+30+(F92-40)*4)))) -> 0 | AA92: =IF(G92<20,0,IF(G92<25,20,IF(G92<30,40,IF(G92<=40,60+(G92-30)*3,60+30+(G92-40)*4)))) -> 0 | AB92: =IF(H92<20,0,IF(H92<25,20,IF(H92<30,40,IF(H92<=40,60+(H92-30)*3,60+30+(H92-40)*4)))) -> 0 | AC92: =IF(I92<20,0,IF(I92<25,20,IF(I92<30,40,IF(I92<=40,60+(I92-30)*3,60+30+(I92-40)*4)))) -> 0 | AD92: =IF(J92<20,0,IF(J92<25,20,IF(J92<30,40,IF(J92<=40,60+(J92-30)*3,60+30+(J92-40)*4)))) -> 0 | AE92: =IF(K92<20,0,IF(K92<25,20,IF(K92<30,40,IF(K92<=40,60+(K92-30)*3,60+30+(K92-40)*4)))) -> 0 | ... AL92: =IF(R92<20,0,IF(R92<25,20,IF(R92<30,40,IF(R92<=40,60+(R92-30)*3,60+30+(R92-40)*4)))) -> 0 | AM92: =SUM(X92:AL92) -> 0
A93: HH10776 | B93: NASSIH MOHAMED | C93: MARAVILLA | L93: 43.5 | M93: 18 | S93: =SUM(D93:R93) -> 61.5 | T93: 1 | U93: HH10776 | V93: NASSIH MOHAMED | W93: MARAVILLA | X93: =IF(D93<20,0,IF(D93<25,20,IF(D93<30,40,IF(D93<=40,60+(D93-30)*3,60+30+(D93-40)*4)))) -> 0 | Y93: =IF(E93<20,0,IF(E93<25,20,IF(E93<30,40,IF(E93<=40,60+(E93-30)*3,60+30+(E93-40)*4)))) -> 0 | Z93: =IF(F93<20,0,IF(F93<25,20,IF(F93<30,40,IF(F93<=40,60+(F93-30)*3,60+30+(F93-40)*4)))) -> 0 | AA93: =IF(G93<20,0,IF(G93<25,20,IF(G93<30,40,IF(G93<=40,60+(G93-30)*3,60+30+(G93-40)*4)))) -> 0 | AB93: =IF(H93<20,0,IF(H93<25,20,IF(H93<30,40,IF(H93<=40,60+(H93-30)*3,60+30+(H93-40)*4)))) -> 0 | AC93: =IF(I93<20,0,IF(I93<25,20,IF(I93<30,40,IF(I93<=40,60+(I93-30)*3,60+30+(I93-40)*4)))) -> 0 | AD93: =IF(J93<20,0,IF(J93<25,20,IF(J93<30,40,IF(J93<=40,60+(J93-30)*3,60+30+(J93-40)*4)))) -> 0 | AE93: =IF(K93<20,0,IF(K93<25,20,IF(K93<30,40,IF(K93<=40,60+(K93-30)*3,60+30+(K93-40)*4)))) -> 0 | ... AL93: =IF(R93<20,0,IF(R93<25,20,IF(R93<30,40,IF(R93<=40,60+(R93-30)*3,60+30+(R93-40)*4)))) -> 0 | AM93: =SUM(X93:AL93) -> 104
A94: HH10777 | B94: EL KHALFI ENNADI | C94: MARAVILLA | S94: =SUM(D94:R94) -> 0 | T94: 1 | U94: HH10777 | V94: EL KHALFI ENNADI | W94: MARAVILLA | X94: =IF(D94<20,0,IF(D94<25,20,IF(D94<30,40,IF(D94<=40,60+(D94-30)*3,60+30+(D94-40)*4)))) -> 0 | Y94: =IF(E94<20,0,IF(E94<25,20,IF(E94<30,40,IF(E94<=40,60+(E94-30)*3,60+30+(E94-40)*4)))) -> 0 | Z94: =IF(F94<20,0,IF(F94<25,20,IF(F94<30,40,IF(F94<=40,60+(F94-30)*3,60+30+(F94-40)*4)))) -> 0 | AA94: =IF(G94<20,0,IF(G94<25,20,IF(G94<30,40,IF(G94<=40,60+(G94-30)*3,60+30+(G94-40)*4)))) -> 0 | AB94: =IF(H94<20,0,IF(H94<25,20,IF(H94<30,40,IF(H94<=40,60+(H94-30)*3,60+30+(H94-40)*4)))) -> 0 | AC94: =IF(I94<20,0,IF(I94<25,20,IF(I94<30,40,IF(I94<=40,60+(I94-30)*3,60+30+(I94-40)*4)))) -> 0 | AD94: =IF(J94<20,0,IF(J94<25,20,IF(J94<30,40,IF(J94<=40,60+(J94-30)*3,60+30+(J94-40)*4)))) -> 0 | AE94: =IF(K94<20,0,IF(K94<25,20,IF(K94<30,40,IF(K94<=40,60+(K94-30)*3,60+30+(K94-40)*4)))) -> 0 | ... AL94: =IF(R94<20,0,IF(R94<25,20,IF(R94<30,40,IF(R94<=40,60+(R94-30)*3,60+30+(R94-40)*4)))) -> 0 | AM94: =SUM(X94:AL94) -> 0
A95: HH10778 | B95: EL KHIFI AYOUB | C95: MARAVILLA | S95: =SUM(D95:R95) -> 0 | T95: 1 | U95: HH10778 | V95: EL KHIFI AYOUB | W95: MARAVILLA | X95: =IF(D95<20,0,IF(D95<25,20,IF(D95<30,40,IF(D95<=40,60+(D95-30)*3,60+30+(D95-40)*4)))) -> 0 | Y95: =IF(E95<20,0,IF(E95<25,20,IF(E95<30,40,IF(E95<=40,60+(E95-30)*3,60+30+(E95-40)*4)))) -> 0 | Z95: =IF(F95<20,0,IF(F95<25,20,IF(F95<30,40,IF(F95<=40,60+(F95-30)*3,60+30+(F95-40)*4)))) -> 0 | AA95: =IF(G95<20,0,IF(G95<25,20,IF(G95<30,40,IF(G95<=40,60+(G95-30)*3,60+30+(G95-40)*4)))) -> 0 | AB95: =IF(H95<20,0,IF(H95<25,20,IF(H95<30,40,IF(H95<=40,60+(H95-30)*3,60+30+(H95-40)*4)))) -> 0 | AC95: =IF(I95<20,0,IF(I95<25,20,IF(I95<30,40,IF(I95<=40,60+(I95-30)*3,60+30+(I95-40)*4)))) -> 0 | AD95: =IF(J95<20,0,IF(J95<25,20,IF(J95<30,40,IF(J95<=40,60+(J95-30)*3,60+30+(J95-40)*4)))) -> 0 | AE95: =IF(K95<20,0,IF(K95<25,20,IF(K95<30,40,IF(K95<=40,60+(K95-30)*3,60+30+(K95-40)*4)))) -> 0 | ... AL95: =IF(R95<20,0,IF(R95<25,20,IF(R95<30,40,IF(R95<=40,60+(R95-30)*3,60+30+(R95-40)*4)))) -> 0 | AM95: =SUM(X95:AL95) -> 0
A96: HH10779 | B96: BAQALI MOHAMED | C96: MARAVILLA | L96: 42 | M96: 28.5 | S96: =SUM(D96:R96) -> 70.5 | T96: 1 | U96: HH10779 | V96: BAQALI MOHAMED | W96: MARAVILLA | X96: =IF(D96<20,0,IF(D96<25,20,IF(D96<30,40,IF(D96<=40,60+(D96-30)*3,60+30+(D96-40)*4)))) -> 0 | Y96: =IF(E96<20,0,IF(E96<25,20,IF(E96<30,40,IF(E96<=40,60+(E96-30)*3,60+30+(E96-40)*4)))) -> 0 | Z96: =IF(F96<20,0,IF(F96<25,20,IF(F96<30,40,IF(F96<=40,60+(F96-30)*3,60+30+(F96-40)*4)))) -> 0 | AA96: =IF(G96<20,0,IF(G96<25,20,IF(G96<30,40,IF(G96<=40,60+(G96-30)*3,60+30+(G96-40)*4)))) -> 0 | AB96: =IF(H96<20,0,IF(H96<25,20,IF(H96<30,40,IF(H96<=40,60+(H96-30)*3,60+30+(H96-40)*4)))) -> 0 | AC96: =IF(I96<20,0,IF(I96<25,20,IF(I96<30,40,IF(I96<=40,60+(I96-30)*3,60+30+(I96-40)*4)))) -> 0 | AD96: =IF(J96<20,0,IF(J96<25,20,IF(J96<30,40,IF(J96<=40,60+(J96-30)*3,60+30+(J96-40)*4)))) -> 0 | AE96: =IF(K96<20,0,IF(K96<25,20,IF(K96<30,40,IF(K96<=40,60+(K96-30)*3,60+30+(K96-40)*4)))) -> 0 | ... AL96: =IF(R96<20,0,IF(R96<25,20,IF(R96<30,40,IF(R96<=40,60+(R96-30)*3,60+30+(R96-40)*4)))) -> 0 | AM96: =SUM(X96:AL96) -> 138
A97: HH10780 | B97: GZIEL AHMED | C97: MARAVILLA | L97: 22.5 | S97: =SUM(D97:R97) -> 22.5 | T97: 1 | U97: HH10780 | V97: GZIEL AHMED | W97: MARAVILLA | X97: =IF(D97<20,0,IF(D97<25,20,IF(D97<30,40,IF(D97<=40,60+(D97-30)*3,60+30+(D97-40)*4)))) -> 0 | Y97: =IF(E97<20,0,IF(E97<25,20,IF(E97<30,40,IF(E97<=40,60+(E97-30)*3,60+30+(E97-40)*4)))) -> 0 | Z97: =IF(F97<20,0,IF(F97<25,20,IF(F97<30,40,IF(F97<=40,60+(F97-30)*3,60+30+(F97-40)*4)))) -> 0 | AA97: =IF(G97<20,0,IF(G97<25,20,IF(G97<30,40,IF(G97<=40,60+(G97-30)*3,60+30+(G97-40)*4)))) -> 0 | AB97: =IF(H97<20,0,IF(H97<25,20,IF(H97<30,40,IF(H97<=40,60+(H97-30)*3,60+30+(H97-40)*4)))) -> 0 | AC97: =IF(I97<20,0,IF(I97<25,20,IF(I97<30,40,IF(I97<=40,60+(I97-30)*3,60+30+(I97-40)*4)))) -> 0 | AD97: =IF(J97<20,0,IF(J97<25,20,IF(J97<30,40,IF(J97<=40,60+(J97-30)*3,60+30+(J97-40)*4)))) -> 0 | AE97: =IF(K97<20,0,IF(K97<25,20,IF(K97<30,40,IF(K97<=40,60+(K97-30)*3,60+30+(K97-40)*4)))) -> 0 | ... AL97: =IF(R97<20,0,IF(R97<25,20,IF(R97<30,40,IF(R97<=40,60+(R97-30)*3,60+30+(R97-40)*4)))) -> 0 | AM97: =SUM(X97:AL97) -> 20
A98: HH10781 | B98: ESSABABI SAID | C98: MARAVILLA | L98: 34.5 | M98: 21 | S98: =SUM(D98:R98) -> 55.5 | T98: 1 | U98: HH10781 | V98: ESSABABI SAID | W98: MARAVILLA | X98: =IF(D98<20,0,IF(D98<25,20,IF(D98<30,40,IF(D98<=40,60+(D98-30)*3,60+30+(D98-40)*4)))) -> 0 | Y98: =IF(E98<20,0,IF(E98<25,20,IF(E98<30,40,IF(E98<=40,60+(E98-30)*3,60+30+(E98-40)*4)))) -> 0 | Z98: =IF(F98<20,0,IF(F98<25,20,IF(F98<30,40,IF(F98<=40,60+(F98-30)*3,60+30+(F98-40)*4)))) -> 0 | AA98: =IF(G98<20,0,IF(G98<25,20,IF(G98<30,40,IF(G98<=40,60+(G98-30)*3,60+30+(G98-40)*4)))) -> 0 | AB98: =IF(H98<20,0,IF(H98<25,20,IF(H98<30,40,IF(H98<=40,60+(H98-30)*3,60+30+(H98-40)*4)))) -> 0 | AC98: =IF(I98<20,0,IF(I98<25,20,IF(I98<30,40,IF(I98<=40,60+(I98-30)*3,60+30+(I98-40)*4)))) -> 0 | AD98: =IF(J98<20,0,IF(J98<25,20,IF(J98<30,40,IF(J98<=40,60+(J98-30)*3,60+30+(J98-40)*4)))) -> 0 | AE98: =IF(K98<20,0,IF(K98<25,20,IF(K98<30,40,IF(K98<=40,60+(K98-30)*3,60+30+(K98-40)*4)))) -> 0 | ... AL98: =IF(R98<20,0,IF(R98<25,20,IF(R98<30,40,IF(R98<=40,60+(R98-30)*3,60+30+(R98-40)*4)))) -> 0 | AM98: =SUM(X98:AL98) -> 93.5
A99: HH10782 | B99: MOUMOU OUSSAMA | C99: MARAVILLA | L99: 16.5 | S99: =SUM(D99:R99) -> 16.5 | T99: 1 | U99: HH10782 | V99: MOUMOU OUSSAMA | W99: MARAVILLA | X99: =IF(D99<20,0,IF(D99<25,20,IF(D99<30,40,IF(D99<=40,60+(D99-30)*3,60+30+(D99-40)*4)))) -> 0 | Y99: =IF(E99<20,0,IF(E99<25,20,IF(E99<30,40,IF(E99<=40,60+(E99-30)*3,60+30+(E99-40)*4)))) -> 0 | Z99: =IF(F99<20,0,IF(F99<25,20,IF(F99<30,40,IF(F99<=40,60+(F99-30)*3,60+30+(F99-40)*4)))) -> 0 | AA99: =IF(G99<20,0,IF(G99<25,20,IF(G99<30,40,IF(G99<=40,60+(G99-30)*3,60+30+(G99-40)*4)))) -> 0 | AB99: =IF(H99<20,0,IF(H99<25,20,IF(H99<30,40,IF(H99<=40,60+(H99-30)*3,60+30+(H99-40)*4)))) -> 0 | AC99: =IF(I99<20,0,IF(I99<25,20,IF(I99<30,40,IF(I99<=40,60+(I99-30)*3,60+30+(I99-40)*4)))) -> 0 | AD99: =IF(J99<20,0,IF(J99<25,20,IF(J99<30,40,IF(J99<=40,60+(J99-30)*3,60+30+(J99-40)*4)))) -> 0 | AE99: =IF(K99<20,0,IF(K99<25,20,IF(K99<30,40,IF(K99<=40,60+(K99-30)*3,60+30+(K99-40)*4)))) -> 0 | ... AL99: =IF(R99<20,0,IF(R99<25,20,IF(R99<30,40,IF(R99<=40,60+(R99-30)*3,60+30+(R99-40)*4)))) -> 0 | AM99: =SUM(X99:AL99) -> 0
A100: HH10783 | B100: EL BAKKALI ABDELAZIZ | C100: MARAVILLA | I100: 9 | J100: 10.5 | K100: 16.5 | M100: 25.5 | S100: =SUM(D100:R100) -> 61.5 | T100: 1 | U100: HH10783 | V100: EL BAKKALI ABDELAZIZ | W100: MARAVILLA | X100: =IF(D100<20,0,IF(D100<25,20,IF(D100<30,40,IF(D100<=40,60+(D100-30)*3,60+30+(D100-40)*4)))) -> 0 | Y100: =IF(E100<20,0,IF(E100<25,20,IF(E100<30,40,IF(E100<=40,60+(E100-30)*3,60+30+(E100-40)*4)))) -> 0 | Z100: =IF(F100<20,0,IF(F100<25,20,IF(F100<30,40,IF(F100<=40,60+(F100-30)*3,60+30+(F100-40)*4)))) -> 0 | AA100: =IF(G100<20,0,IF(G100<25,20,IF(G100<30,40,IF(G100<=40,60+(G100-30)*3,60+30+(G100-40)*4)))) -> 0 | AB100: =IF(H100<20,0,IF(H100<25,20,IF(H100<30,40,IF(H100<=40,60+(H100-30)*3,60+30+(H100-40)*4)))) -> 0 | AC100: =IF(I100<20,0,IF(I100<25,20,IF(I100<30,40,IF(I100<=40,60+(I100-30)*3,60+30+(I100-40)*4)))) -> 0 | AD100: =IF(J100<20,0,IF(J100<25,20,IF(J100<30,40,IF(J100<=40,60+(J100-30)*3,60+30+(J100-40)*4)))) -> 0 | AE100: =IF(K100<20,0,IF(K100<25,20,IF(K100<30,40,IF(K100<=40,60+(K100-30)*3,60+30+(K100-40)*4)))) -> 0 | ... AL100: =IF(R100<20,0,IF(R100<25,20,IF(R100<30,40,IF(R100<=40,60+(R100-30)*3,60+30+(R100-40)*4)))) -> 0 | AM100: =SUM(X100:AL100) -> 40
...

Sheet F1
A1: Matricule | B1: Personnel | C1: Variété | D1: 16 | E1: 17 | F1: 18 | G1: 19 | H1: 20 | I1: 21 | J1: 22 | K1: 23 | L1: 24 | M1: 25 | N1: 26 | O1: 27 | P1: 28 | Q1: 29 | R1: 30 | S1: Total | U1: Matricule | V1: Personnel | W1: Variété | X1: 16 | Y1: 17 | Z1: 18 | AA1: 19 | AB1: 20 | AC1: 21 | AD1: 22 | AE1: 23 | AF1: 24 | AG1: 25 | AH1: 26 | AI1: 27 | AJ1: 28 | AK1: 29 | AL1: 30 | AM1: Total
A2: AQ10810 | B2: AYADI FATIHA | C2: MARAVILLA | S2: =SUM(D2:R2) -> 0 | T2: 1 | U2: AQ10810 | V2: AYADI FATIHA | W2: MARAVILLA | X2: =IF(D2<20,0,IF(D2<25,20,IF(D2<30,40,IF(D2<=40,60+(D2-30)*3,60+30+(D2-40)*4)))) -> 0 | Y2: =IF(E2<20,0,IF(E2<25,20,IF(E2<30,40,IF(E2<=40,60+(E2-30)*3,60+30+(E2-40)*4)))) -> 0 | Z2: =IF(F2<20,0,IF(F2<25,20,IF(F2<30,40,IF(F2<=40,60+(F2-30)*3,60+30+(F2-40)*4)))) -> 0 | AA2: =IF(G2<20,0,IF(G2<25,20,IF(G2<30,40,IF(G2<=40,60+(G2-30)*3,60+30+(G2-40)*4)))) -> 0 | AB2: =IF(H2<20,0,IF(H2<25,20,IF(H2<30,40,IF(H2<=40,60+(H2-30)*3,60+30+(H2-40)*4)))) -> 0 | AC2: =IF(I2<20,0,IF(I2<25,20,IF(I2<30,40,IF(I2<=40,60+(I2-30)*3,60+30+(I2-40)*4)))) -> 0 | AD2: =IF(J2<20,0,IF(J2<25,20,IF(J2<30,40,IF(J2<=40,60+(J2-30)*3,60+30+(J2-40)*4)))) -> 0 | AE2: =IF(K2<20,0,IF(K2<25,20,IF(K2<30,40,IF(K2<=40,60+(K2-30)*3,60+30+(K2-40)*4)))) -> 0 | ... AL2: =IF(R2<20,0,IF(R2<25,20,IF(R2<30,40,IF(R2<=40,60+(R2-30)*3,60+30+(R2-40)*4)))) -> 0 | AM2: =SUM(X2:AL2) -> 0
A3: AQ10811 | B3: HOUSNIYA EL KHELIFA | C3: MARAVILLA | S3: =SUM(D3:R3) -> 0 | T3: 1 | U3: AQ10811 | V3: HOUSNIYA EL KHELIFA | W3: MARAVILLA | X3: =IF(D3<20,0,IF(D3<25,20,IF(D3<30,40,IF(D3<=40,60+(D3-30)*3,60+30+(D3-40)*4)))) -> 0 | Y3: =IF(E3<20,0,IF(E3<25,20,IF(E3<30,40,IF(E3<=40,60+(E3-30)*3,60+30+(E3-40)*4)))) -> 0 | Z3: =IF(F3<20,0,IF(F3<25,20,IF(F3<30,40,IF(F3<=40,60+(F3-30)*3,60+30+(F3-40)*4)))) -> 0 | AA3: =IF(G3<20,0,IF(G3<25,20,IF(G3<30,40,IF(G3<=40,60+(G3-30)*3,60+30+(G3-40)*4)))) -> 0 | AB3: =IF(H3<20,0,IF(H3<25,20,IF(H3<30,40,IF(H3<=40,60+(H3-30)*3,60+30+(H3-40)*4)))) -> 0 | AC3: =IF(I3<20,0,IF(I3<25,20,IF(I3<30,40,IF(I3<=40,60+(I3-30)*3,60+30+(I3-40)*4)))) -> 0 | AD3: =IF(J3<20,0,IF(J3<25,20,IF(J3<30,40,IF(J3<=40,60+(J3-30)*3,60+30+(J3-40)*4)))) -> 0 | AE3: =IF(K3<20,0,IF(K3<25,20,IF(K3<30,40,IF(K3<=40,60+(K3-30)*3,60+30+(K3-40)*4)))) -> 0 | ... AL3: =IF(R3<20,0,IF(R3<25,20,IF(R3<30,40,IF(R3<=40,60+(R3-30)*3,60+30+(R3-40)*4)))) -> 0 | AM3: =SUM(X3:AL3) -> 0
A4: AQ10812 | B4: EL CHAMSI ZOUHRA | C4: MARAVILLA | S4: =SUM(D4:R4) -> 0 | T4: 1 | U4: AQ10812 | V4: EL CHAMSI ZOUHRA | W4: MARAVILLA | X4: =IF(D4<20,0,IF(D4<25,20,IF(D4<30,40,IF(D4<=40,60+(D4-30)*3,60+30+(D4-40)*4)))) -> 0 | Y4: =IF(E4<20,0,IF(E4<25,20,IF(E4<30,40,IF(E4<=40,60+(E4-30)*3,60+30+(E4-40)*4)))) -> 0 | Z4: =IF(F4<20,0,IF(F4<25,20,IF(F4<30,40,IF(F4<=40,60+(F4-30)*3,60+30+(F4-40)*4)))) -> 0 | AA4: =IF(G4<20,0,IF(G4<25,20,IF(G4<30,40,IF(G4<=40,60+(G4-30)*3,60+30+(G4-40)*4)))) -> 0 | AB4: =IF(H4<20,0,IF(H4<25,20,IF(H4<30,40,IF(H4<=40,60+(H4-30)*3,60+30+(H4-40)*4)))) -> 0 | AC4: =IF(I4<20,0,IF(I4<25,20,IF(I4<30,40,IF(I4<=40,60+(I4-30)*3,60+30+(I4-40)*4)))) -> 0 | AD4: =IF(J4<20,0,IF(J4<25,20,IF(J4<30,40,IF(J4<=40,60+(J4-30)*3,60+30+(J4-40)*4)))) -> 0 | AE4: =IF(K4<20,0,IF(K4<25,20,IF(K4<30,40,IF(K4<=40,60+(K4-30)*3,60+30+(K4-40)*4)))) -> 0 | ... AL4: =IF(R4<20,0,IF(R4<25,20,IF(R4<30,40,IF(R4<=40,60+(R4-30)*3,60+30+(R4-40)*4)))) -> 0 | AM4: =SUM(X4:AL4) -> 0
A5: AQ10813 | B5: EL JAMAL KHAADIJA | C5: MARAVILLA | S5: =SUM(D5:R5) -> 0 | T5: 1 | U5: AQ10813 | V5: EL JAMAL KHAADIJA | W5: MARAVILLA | X5: =IF(D5<20,0,IF(D5<25,20,IF(D5<30,40,IF(D5<=40,60+(D5-30)*3,60+30+(D5-40)*4)))) -> 0 | Y5: =IF(E5<20,0,IF(E5<25,20,IF(E5<30,40,IF(E5<=40,60+(E5-30)*3,60+30+(E5-40)*4)))) -> 0 | Z5: =IF(F5<20,0,IF(F5<25,20,IF(F5<30,40,IF(F5<=40,60+(F5-30)*3,60+30+(F5-40)*4)))) -> 0 | AA5: =IF(G5<20,0,IF(G5<25,20,IF(G5<30,40,IF(G5<=40,60+(G5-30)*3,60+30+(G5-40)*4)))) -> 0 | AB5: =IF(H5<20,0,IF(H5<25,20,IF(H5<30,40,IF(H5<=40,60+(H5-30)*3,60+30+(H5-40)*4)))) -> 0 | AC5: =IF(I5<20,0,IF(I5<25,20,IF(I5<30,40,IF(I5<=40,60+(I5-30)*3,60+30+(I5-40)*4)))) -> 0 | AD5: =IF(J5<20,0,IF(J5<25,20,IF(J5<30,40,IF(J5<=40,60+(J5-30)*3,60+30+(J5-40)*4)))) -> 0 | AE5: =IF(K5<20,0,IF(K5<25,20,IF(K5<30,40,IF(K5<=40,60+(K5-30)*3,60+30+(K5-40)*4)))) -> 0 | ... AL5: =IF(R5<20,0,IF(R5<25,20,IF(R5<30,40,IF(R5<=40,60+(R5-30)*3,60+30+(R5-40)*4)))) -> 0 | AM5: =SUM(X5:AL5) -> 0
A6: AQ10814 | B6: EL ZAIME FATIMA ZOHRA | C6: MARAVILLA | S6: =SUM(D6:R6) -> 0 | T6: 1 | U6: AQ10814 | V6: EL ZAIME FATIMA ZOHRA | W6: MARAVILLA | X6: =IF(D6<20,0,IF(D6<25,20,IF(D6<30,40,IF(D6<=40,60+(D6-30)*3,60+30+(D6-40)*4)))) -> 0 | Y6: =IF(E6<20,0,IF(E6<25,20,IF(E6<30,40,IF(E6<=40,60+(E6-30)*3,60+30+(E6-40)*4)))) -> 0 | Z6: =IF(F6<20,0,IF(F6<25,20,IF(F6<30,40,IF(F6<=40,60+(F6-30)*3,60+30+(F6-40)*4)))) -> 0 | AA6: =IF(G6<20,0,IF(G6<25,20,IF(G6<30,40,IF(G6<=40,60+(G6-30)*3,60+30+(G6-40)*4)))) -> 0 | AB6: =IF(H6<20,0,IF(H6<25,20,IF(H6<30,40,IF(H6<=40,60+(H6-30)*3,60+30+(H6-40)*4)))) -> 0 | AC6: =IF(I6<20,0,IF(I6<25,20,IF(I6<30,40,IF(I6<=40,60+(I6-30)*3,60+30+(I6-40)*4)))) -> 0 | AD6: =IF(J6<20,0,IF(J6<25,20,IF(J6<30,40,IF(J6<=40,60+(J6-30)*3,60+30+(J6-40)*4)))) -> 0 | AE6: =IF(K6<20,0,IF(K6<25,20,IF(K6<30,40,IF(K6<=40,60+(K6-30)*3,60+30+(K6-40)*4)))) -> 0 | ... AL6: =IF(R6<20,0,IF(R6<25,20,IF(R6<30,40,IF(R6<=40,60+(R6-30)*3,60+30+(R6-40)*4)))) -> 0 | AM6: =SUM(X6:AL6) -> 0
A7: AQ10815 | B7: EL REGAD HIND | C7: MARAVILLA | S7: =SUM(D7:R7) -> 0 | T7: 1 | U7: AQ10815 | V7: EL REGAD HIND | W7: MARAVILLA | X7: =IF(D7<20,0,IF(D7<25,20,IF(D7<30,40,IF(D7<=40,60+(D7-30)*3,60+30+(D7-40)*4)))) -> 0 | Y7: =IF(E7<20,0,IF(E7<25,20,IF(E7<30,40,IF(E7<=40,60+(E7-30)*3,60+30+(E7-40)*4)))) -> 0 | Z7: =IF(F7<20,0,IF(F7<25,20,IF(F7<30,40,IF(F7<=40,60+(F7-30)*3,60+30+(F7-40)*4)))) -> 0 | AA7: =IF(G7<20,0,IF(G7<25,20,IF(G7<30,40,IF(G7<=40,60+(G7-30)*3,60+30+(G7-40)*4)))) -> 0 | AB7: =IF(H7<20,0,IF(H7<25,20,IF(H7<30,40,IF(H7<=40,60+(H7-30)*3,60+30+(H7-40)*4)))) -> 0 | AC7: =IF(I7<20,0,IF(I7<25,20,IF(I7<30,40,IF(I7<=40,60+(I7-30)*3,60+30+(I7-40)*4)))) -> 0 | AD7: =IF(J7<20,0,IF(J7<25,20,IF(J7<30,40,IF(J7<=40,60+(J7-30)*3,60+30+(J7-40)*4)))) -> 0 | AE7: =IF(K7<20,0,IF(K7<25,20,IF(K7<30,40,IF(K7<=40,60+(K7-30)*3,60+30+(K7-40)*4)))) -> 0 | ... AL7: =IF(R7<20,0,IF(R7<25,20,IF(R7<30,40,IF(R7<=40,60+(R7-30)*3,60+30+(R7-40)*4)))) -> 0 | AM7: =SUM(X7:AL7) -> 0
A8: AQ10816 | B8: AL ABDI BOUCHRA | C8: MARAVILLA | S8: =SUM(D8:R8) -> 0 | T8: 1 | U8: AQ10816 | V8: AL ABDI BOUCHRA | W8: MARAVILLA | X8: =IF(D8<20,0,IF(D8<25,20,IF(D8<30,40,IF(D8<=40,60+(D8-30)*3,60+30+(D8-40)*4)))) -> 0 | Y8: =IF(E8<20,0,IF(E8<25,20,IF(E8<30,40,IF(E8<=40,60+(E8-30)*3,60+30+(E8-40)*4)))) -> 0 | Z8: =IF(F8<20,0,IF(F8<25,20,IF(F8<30,40,IF(F8<=40,60+(F8-30)*3,60+30+(F8-40)*4)))) -> 0 | AA8: =IF(G8<20,0,IF(G8<25,20,IF(G8<30,40,IF(G8<=40,60+(G8-30)*3,60+30+(G8-40)*4)))) -> 0 | AB8: =IF(H8<20,0,IF(H8<25,20,IF(H8<30,40,IF(H8<=40,60+(H8-30)*3,60+30+(H8-40)*4)))) -> 0 | AC8: =IF(I8<20,0,IF(I8<25,20,IF(I8<30,40,IF(I8<=40,60+(I8-30)*3,60+30+(I8-40)*4)))) -> 0 | AD8: =IF(J8<20,0,IF(J8<25,20,IF(J8<30,40,IF(J8<=40,60+(J8-30)*3,60+30+(J8-40)*4)))) -> 0 | AE8: =IF(K8<20,0,IF(K8<25,20,IF(K8<30,40,IF(K8<=40,60+(K8-30)*3,60+30+(K8-40)*4)))) -> 0 | ... AL8: =IF(R8<20,0,IF(R8<25,20,IF(R8<30,40,IF(R8<=40,60+(R8-30)*3,60+30+(R8-40)*4)))) -> 0 | AM8: =SUM(X8:AL8) -> 0
A9: CA10539 | B9: BENAYAD ASSIA | C9: MARAVILLA | S9: =SUM(D9:R9) -> 0 | T9: 1 | U9: CA10539 | V9: BENAYAD ASSIA | W9: MARAVILLA | X9: =IF(D9<20,0,IF(D9<25,20,IF(D9<30,40,IF(D9<=40,60+(D9-30)*3,60+30+(D9-40)*4)))) -> 0 | Y9: =IF(E9<20,0,IF(E9<25,20,IF(E9<30,40,IF(E9<=40,60+(E9-30)*3,60+30+(E9-40)*4)))) -> 0 | Z9: =IF(F9<20,0,IF(F9<25,20,IF(F9<30,40,IF(F9<=40,60+(F9-30)*3,60+30+(F9-40)*4)))) -> 0 | AA9: =IF(G9<20,0,IF(G9<25,20,IF(G9<30,40,IF(G9<=40,60+(G9-30)*3,60+30+(G9-40)*4)))) -> 0 | AB9: =IF(H9<20,0,IF(H9<25,20,IF(H9<30,40,IF(H9<=40,60+(H9-30)*3,60+30+(H9-40)*4)))) -> 0 | AC9: =IF(I9<20,0,IF(I9<25,20,IF(I9<30,40,IF(I9<=40,60+(I9-30)*3,60+30+(I9-40)*4)))) -> 0 | AD9: =IF(J9<20,0,IF(J9<25,20,IF(J9<30,40,IF(J9<=40,60+(J9-30)*3,60+30+(J9-40)*4)))) -> 0 | AE9: =IF(K9<20,0,IF(K9<25,20,IF(K9<30,40,IF(K9<=40,60+(K9-30)*3,60+30+(K9-40)*4)))) -> 0 | ... AL9: =IF(R9<20,0,IF(R9<25,20,IF(R9<30,40,IF(R9<=40,60+(R9-30)*3,60+30+(R9-40)*4)))) -> 0 | AM9: =SUM(X9:AL9) -> 0
A10: CA10565 | B10: EL HAMAMI ZAKIA | C10: MARAVILLA | D10: 9 | E10: 9 | F10: 9 | G10: 10.5 | H10: 7.5 | J10: 39 | K10: 40.5 | L10: 57 | M10: 63 | S10: =SUM(D10:R10) -> 244.5 | T10: 1 | U10: CA10565 | V10: EL HAMAMI ZAKIA | W10: MARAVILLA | X10: =IF(D10<20,0,IF(D10<25,20,IF(D10<30,40,IF(D10<=40,60+(D10-30)*3,60+30+(D10-40)*4)))) -> 0 | Y10: =IF(E10<20,0,IF(E10<25,20,IF(E10<30,40,IF(E10<=40,60+(E10-30)*3,60+30+(E10-40)*4)))) -> 0 | Z10: =IF(F10<20,0,IF(F10<25,20,IF(F10<30,40,IF(F10<=40,60+(F10-30)*3,60+30+(F10-40)*4)))) -> 0 | AA10: =IF(G10<20,0,IF(G10<25,20,IF(G10<30,40,IF(G10<=40,60+(G10-30)*3,60+30+(G10-40)*4)))) -> 0 | AB10: =IF(H10<20,0,IF(H10<25,20,IF(H10<30,40,IF(H10<=40,60+(H10-30)*3,60+30+(H10-40)*4)))) -> 0 | AC10: =IF(I10<20,0,IF(I10<25,20,IF(I10<30,40,IF(I10<=40,60+(I10-30)*3,60+30+(I10-40)*4)))) -> 0 | AD10: =IF(J10<20,0,IF(J10<25,20,IF(J10<30,40,IF(J10<=40,60+(J10-30)*3,60+30+(J10-40)*4)))) -> 87 | AE10: =IF(K10<20,0,IF(K10<25,20,IF(K10<30,40,IF(K10<=40,60+(K10-30)*3,60+30+(K10-40)*4)))) -> 92 | ... AL10: =IF(R10<20,0,IF(R10<25,20,IF(R10<30,40,IF(R10<=40,60+(R10-30)*3,60+30+(R10-40)*4)))) -> 0 | AM10: =SUM(X10:AL10) -> 519
A11: CA10566 | B11: REGRAGUI GHITA | C11: MARAVILLA | D11: 9 | E11: 7.5 | F11: 9 | G11: 12 | I11: 22.5 | J11: 25.5 | K11: 39 | L11: 49.5 | M11: 51 | S11: =SUM(D11:R11) -> 225 | T11: 1 | U11: CA10566 | V11: REGRAGUI GHITA | W11: MARAVILLA | X11: =IF(D11<20,0,IF(D11<25,20,IF(D11<30,40,IF(D11<=40,60+(D11-30)*3,60+30+(D11-40)*4)))) -> 0 | Y11: =IF(E11<20,0,IF(E11<25,20,IF(E11<30,40,IF(E11<=40,60+(E11-30)*3,60+30+(E11-40)*4)))) -> 0 | Z11: =IF(F11<20,0,IF(F11<25,20,IF(F11<30,40,IF(F11<=40,60+(F11-30)*3,60+30+(F11-40)*4)))) -> 0 | AA11: =IF(G11<20,0,IF(G11<25,20,IF(G11<30,40,IF(G11<=40,60+(G11-30)*3,60+30+(G11-40)*4)))) -> 0 | AB11: =IF(H11<20,0,IF(H11<25,20,IF(H11<30,40,IF(H11<=40,60+(H11-30)*3,60+30+(H11-40)*4)))) -> 0 | AC11: =IF(I11<20,0,IF(I11<25,20,IF(I11<30,40,IF(I11<=40,60+(I11-30)*3,60+30+(I11-40)*4)))) -> 20 | AD11: =IF(J11<20,0,IF(J11<25,20,IF(J11<30,40,IF(J11<=40,60+(J11-30)*3,60+30+(J11-40)*4)))) -> 40 | AE11: =IF(K11<20,0,IF(K11<25,20,IF(K11<30,40,IF(K11<=40,60+(K11-30)*3,60+30+(K11-40)*4)))) -> 87 | ... AL11: =IF(R11<20,0,IF(R11<25,20,IF(R11<30,40,IF(R11<=40,60+(R11-30)*3,60+30+(R11-40)*4)))) -> 0 | AM11: =SUM(X11:AL11) -> 409
A12: CA10567 | B12: FERJANI ZOUHRA | C12: MARAVILLA | E12: 6 | F12: 6 | G12: 9 | H12: 4.5 | M12: 33 | S12: =SUM(D12:R12) -> 58.5 | T12: 1 | U12: CA10567 | V12: FERJANI ZOUHRA | W12: MARAVILLA | X12: =IF(D12<20,0,IF(D12<25,20,IF(D12<30,40,IF(D12<=40,60+(D12-30)*3,60+30+(D12-40)*4)))) -> 0 | Y12: =IF(E12<20,0,IF(E12<25,20,IF(E12<30,40,IF(E12<=40,60+(E12-30)*3,60+30+(E12-40)*4)))) -> 0 | Z12: =IF(F12<20,0,IF(F12<25,20,IF(F12<30,40,IF(F12<=40,60+(F12-30)*3,60+30+(F12-40)*4)))) -> 0 | AA12: =IF(G12<20,0,IF(G12<25,20,IF(G12<30,40,IF(G12<=40,60+(G12-30)*3,60+30+(G12-40)*4)))) -> 0 | AB12: =IF(H12<20,0,IF(H12<25,20,IF(H12<30,40,IF(H12<=40,60+(H12-30)*3,60+30+(H12-40)*4)))) -> 0 | AC12: =IF(I12<20,0,IF(I12<25,20,IF(I12<30,40,IF(I12<=40,60+(I12-30)*3,60+30+(I12-40)*4)))) -> 0 | AD12: =IF(J12<20,0,IF(J12<25,20,IF(J12<30,40,IF(J12<=40,60+(J12-30)*3,60+30+(J12-40)*4)))) -> 0 | AE12: =IF(K12<20,0,IF(K12<25,20,IF(K12<30,40,IF(K12<=40,60+(K12-30)*3,60+30+(K12-40)*4)))) -> 0 | ... AL12: =IF(R12<20,0,IF(R12<25,20,IF(R12<30,40,IF(R12<=40,60+(R12-30)*3,60+30+(R12-40)*4)))) -> 0 | AM12: =SUM(X12:AL12) -> 69
A13: CA10569 | B13: EL BOUAINI ABDENBI | C13: MARAVILLA | K13: 19.5 | L13: 48 | M13: 40.5 | S13: =SUM(D13:R13) -> 108 | T13: 1 | U13: CA10569 | V13: EL BOUAINI ABDENBI | W13: MARAVILLA | X13: =IF(D13<20,0,IF(D13<25,20,IF(D13<30,40,IF(D13<=40,60+(D13-30)*3,60+30+(D13-40)*4)))) -> 0 | Y13: =IF(E13<20,0,IF(E13<25,20,IF(E13<30,40,IF(E13<=40,60+(E13-30)*3,60+30+(E13-40)*4)))) -> 0 | Z13: =IF(F13<20,0,IF(F13<25,20,IF(F13<30,40,IF(F13<=40,60+(F13-30)*3,60+30+(F13-40)*4)))) -> 0 | AA13: =IF(G13<20,0,IF(G13<25,20,IF(G13<30,40,IF(G13<=40,60+(G13-30)*3,60+30+(G13-40)*4)))) -> 0 | AB13: =IF(H13<20,0,IF(H13<25,20,IF(H13<30,40,IF(H13<=40,60+(H13-30)*3,60+30+(H13-40)*4)))) -> 0 | AC13: =IF(I13<20,0,IF(I13<25,20,IF(I13<30,40,IF(I13<=40,60+(I13-30)*3,60+30+(I13-40)*4)))) -> 0 | AD13: =IF(J13<20,0,IF(J13<25,20,IF(J13<30,40,IF(J13<=40,60+(J13-30)*3,60+30+(J13-40)*4)))) -> 0 | AE13: =IF(K13<20,0,IF(K13<25,20,IF(K13<30,40,IF(K13<=40,60+(K13-30)*3,60+30+(K13-40)*4)))) -> 0 | ... AL13: =IF(R13<20,0,IF(R13<25,20,IF(R13<30,40,IF(R13<=40,60+(R13-30)*3,60+30+(R13-40)*4)))) -> 0 | AM13: =SUM(X13:AL13) -> 214
A14: CA10657 | B14: EL HAMAMI MOHAMED | C14: MARAVILLA | K14: 19.5 | L14: 27 | S14: =SUM(D14:R14) -> 46.5 | T14: 1 | U14: CA10657 | V14: EL HAMAMI MOHAMED | W14: MARAVILLA | X14: =IF(D14<20,0,IF(D14<25,20,IF(D14<30,40,IF(D14<=40,60+(D14-30)*3,60+30+(D14-40)*4)))) -> 0 | Y14: =IF(E14<20,0,IF(E14<25,20,IF(E14<30,40,IF(E14<=40,60+(E14-30)*3,60+30+(E14-40)*4)))) -> 0 | Z14: =IF(F14<20,0,IF(F14<25,20,IF(F14<30,40,IF(F14<=40,60+(F14-30)*3,60+30+(F14-40)*4)))) -> 0 | AA14: =IF(G14<20,0,IF(G14<25,20,IF(G14<30,40,IF(G14<=40,60+(G14-30)*3,60+30+(G14-40)*4)))) -> 0 | AB14: =IF(H14<20,0,IF(H14<25,20,IF(H14<30,40,IF(H14<=40,60+(H14-30)*3,60+30+(H14-40)*4)))) -> 0 | AC14: =IF(I14<20,0,IF(I14<25,20,IF(I14<30,40,IF(I14<=40,60+(I14-30)*3,60+30+(I14-40)*4)))) -> 0 | AD14: =IF(J14<20,0,IF(J14<25,20,IF(J14<30,40,IF(J14<=40,60+(J14-30)*3,60+30+(J14-40)*4)))) -> 0 | AE14: =IF(K14<20,0,IF(K14<25,20,IF(K14<30,40,IF(K14<=40,60+(K14-30)*3,60+30+(K14-40)*4)))) -> 0 | ... AL14: =IF(R14<20,0,IF(R14<25,20,IF(R14<30,40,IF(R14<=40,60+(R14-30)*3,60+30+(R14-40)*4)))) -> 0 | AM14: =SUM(X14:AL14) -> 40
A15: CA10700 | B15: HAFOUDA ILIYASS | C15: MARAVILLA | S15: =SUM(D15:R15) -> 0 | T15: 1 | U15: CA10700 | V15: HAFOUDA ILIYASS | W15: MARAVILLA | X15: =IF(D15<20,0,IF(D15<25,20,IF(D15<30,40,IF(D15<=40,60+(D15-30)*3,60+30+(D15-40)*4)))) -> 0 | Y15: =IF(E15<20,0,IF(E15<25,20,IF(E15<30,40,IF(E15<=40,60+(E15-30)*3,60+30+(E15-40)*4)))) -> 0 | Z15: =IF(F15<20,0,IF(F15<25,20,IF(F15<30,40,IF(F15<=40,60+(F15-30)*3,60+30+(F15-40)*4)))) -> 0 | AA15: =IF(G15<20,0,IF(G15<25,20,IF(G15<30,40,IF(G15<=40,60+(G15-30)*3,60+30+(G15-40)*4)))) -> 0 | AB15: =IF(H15<20,0,IF(H15<25,20,IF(H15<30,40,IF(H15<=40,60+(H15-30)*3,60+30+(H15-40)*4)))) -> 0 | AC15: =IF(I15<20,0,IF(I15<25,20,IF(I15<30,40,IF(I15<=40,60+(I15-30)*3,60+30+(I15-40)*4)))) -> 0 | AD15: =IF(J15<20,0,IF(J15<25,20,IF(J15<30,40,IF(J15<=40,60+(J15-30)*3,60+30+(J15-40)*4)))) -> 0 | AE15: =IF(K15<20,0,IF(K15<25,20,IF(K15<30,40,IF(K15<=40,60+(K15-30)*3,60+30+(K15-40)*4)))) -> 0 | ... AL15: =IF(R15<20,0,IF(R15<25,20,IF(R15<30,40,IF(R15<=40,60+(R15-30)*3,60+30+(R15-40)*4)))) -> 0 | AM15: =SUM(X15:AL15) -> 0
A16: CA10755 | B16: ASSILA KARIM | C16: MARAVILLA | K16: 15 | L16: 48 | M16: 36 | S16: =SUM(D16:R16) -> 99 | T16: 1 | U16: CA10755 | V16: ASSILA KARIM | W16: MARAVILLA | X16: =IF(D16<20,0,IF(D16<25,20,IF(D16<30,40,IF(D16<=40,60+(D16-30)*3,60+30+(D16-40)*4)))) -> 0 | Y16: =IF(E16<20,0,IF(E16<25,20,IF(E16<30,40,IF(E16<=40,60+(E16-30)*3,60+30+(E16-40)*4)))) -> 0 | Z16: =IF(F16<20,0,IF(F16<25,20,IF(F16<30,40,IF(F16<=40,60+(F16-30)*3,60+30+(F16-40)*4)))) -> 0 | AA16: =IF(G16<20,0,IF(G16<25,20,IF(G16<30,40,IF(G16<=40,60+(G16-30)*3,60+30+(G16-40)*4)))) -> 0 | AB16: =IF(H16<20,0,IF(H16<25,20,IF(H16<30,40,IF(H16<=40,60+(H16-30)*3,60+30+(H16-40)*4)))) -> 0 | AC16: =IF(I16<20,0,IF(I16<25,20,IF(I16<30,40,IF(I16<=40,60+(I16-30)*3,60+30+(I16-40)*4)))) -> 0 | AD16: =IF(J16<20,0,IF(J16<25,20,IF(J16<30,40,IF(J16<=40,60+(J16-30)*3,60+30+(J16-40)*4)))) -> 0 | AE16: =IF(K16<20,0,IF(K16<25,20,IF(K16<30,40,IF(K16<=40,60+(K16-30)*3,60+30+(K16-40)*4)))) -> 0 | ... AL16: =IF(R16<20,0,IF(R16<25,20,IF(R16<30,40,IF(R16<=40,60+(R16-30)*3,60+30+(R16-40)*4)))) -> 0 | AM16: =SUM(X16:AL16) -> 200
A17: CA10766 | B17: ZAOUY MOHAMED | C17: MARAVILLA | S17: =SUM(D17:R17) -> 0 | T17: 1 | U17: CA10766 | V17: ZAOUY MOHAMED | W17: MARAVILLA | X17: =IF(D17<20,0,IF(D17<25,20,IF(D17<30,40,IF(D17<=40,60+(D17-30)*3,60+30+(D17-40)*4)))) -> 0 | Y17: =IF(E17<20,0,IF(E17<25,20,IF(E17<30,40,IF(E17<=40,60+(E17-30)*3,60+30+(E17-40)*4)))) -> 0 | Z17: =IF(F17<20,0,IF(F17<25,20,IF(F17<30,40,IF(F17<=40,60+(F17-30)*3,60+30+(F17-40)*4)))) -> 0 | AA17: =IF(G17<20,0,IF(G17<25,20,IF(G17<30,40,IF(G17<=40,60+(G17-30)*3,60+30+(G17-40)*4)))) -> 0 | AB17: =IF(H17<20,0,IF(H17<25,20,IF(H17<30,40,IF(H17<=40,60+(H17-30)*3,60+30+(H17-40)*4)))) -> 0 | AC17: =IF(I17<20,0,IF(I17<25,20,IF(I17<30,40,IF(I17<=40,60+(I17-30)*3,60+30+(I17-40)*4)))) -> 0 | AD17: =IF(J17<20,0,IF(J17<25,20,IF(J17<30,40,IF(J17<=40,60+(J17-30)*3,60+30+(J17-40)*4)))) -> 0 | AE17: =IF(K17<20,0,IF(K17<25,20,IF(K17<30,40,IF(K17<=40,60+(K17-30)*3,60+30+(K17-40)*4)))) -> 0 | ... AL17: =IF(R17<20,0,IF(R17<25,20,IF(R17<30,40,IF(R17<=40,60+(R17-30)*3,60+30+(R17-40)*4)))) -> 0 | AM17: =SUM(X17:AL17) -> 0
A18: CA10850 | B18: CHAFIK SOUAD | C18: MARAVILLA | F18: 7.5 | G18: 6 | H18: 6 | I18: 13.5 | J18: 16.5 | K18: 30 | M18: 36 | S18: =SUM(D18:R18) -> 115.5 | T18: 1 | U18: CA10850 | V18: CHAFIK SOUAD | W18: MARAVILLA | X18: =IF(D18<20,0,IF(D18<25,20,IF(D18<30,40,IF(D18<=40,60+(D18-30)*3,60+30+(D18-40)*4)))) -> 0 | Y18: =IF(E18<20,0,IF(E18<25,20,IF(E18<30,40,IF(E18<=40,60+(E18-30)*3,60+30+(E18-40)*4)))) -> 0 | Z18: =IF(F18<20,0,IF(F18<25,20,IF(F18<30,40,IF(F18<=40,60+(F18-30)*3,60+30+(F18-40)*4)))) -> 0 | AA18: =IF(G18<20,0,IF(G18<25,20,IF(G18<30,40,IF(G18<=40,60+(G18-30)*3,60+30+(G18-40)*4)))) -> 0 | AB18: =IF(H18<20,0,IF(H18<25,20,IF(H18<30,40,IF(H18<=40,60+(H18-30)*3,60+30+(H18-40)*4)))) -> 0 | AC18: =IF(I18<20,0,IF(I18<25,20,IF(I18<30,40,IF(I18<=40,60+(I18-30)*3,60+30+(I18-40)*4)))) -> 0 | AD18: =IF(J18<20,0,IF(J18<25,20,IF(J18<30,40,IF(J18<=40,60+(J18-30)*3,60+30+(J18-40)*4)))) -> 0 | AE18: =IF(K18<20,0,IF(K18<25,20,IF(K18<30,40,IF(K18<=40,60+(K18-30)*3,60+30+(K18-40)*4)))) -> 60 | ... AL18: =IF(R18<20,0,IF(R18<25,20,IF(R18<30,40,IF(R18<=40,60+(R18-30)*3,60+30+(R18-40)*4)))) -> 0 | AM18: =SUM(X18:AL18) -> 138
A19: CA10907 | B19: AARIOUA OUMAIMA | C19: MARAVILLA | L19: 48 | M19: 46.5 | S19: =SUM(D19:R19) -> 94.5 | T19: 1 | U19: CA10907 | V19: AARIOUA OUMAIMA | W19: MARAVILLA | X19: =IF(D19<20,0,IF(D19<25,20,IF(D19<30,40,IF(D19<=40,60+(D19-30)*3,60+30+(D19-40)*4)))) -> 0 | Y19: =IF(E19<20,0,IF(E19<25,20,IF(E19<30,40,IF(E19<=40,60+(E19-30)*3,60+30+(E19-40)*4)))) -> 0 | Z19: =IF(F19<20,0,IF(F19<25,20,IF(F19<30,40,IF(F19<=40,60+(F19-30)*3,60+30+(F19-40)*4)))) -> 0 | AA19: =IF(G19<20,0,IF(G19<25,20,IF(G19<30,40,IF(G19<=40,60+(G19-30)*3,60+30+(G19-40)*4)))) -> 0 | AB19: =IF(H19<20,0,IF(H19<25,20,IF(H19<30,40,IF(H19<=40,60+(H19-30)*3,60+30+(H19-40)*4)))) -> 0 | AC19: =IF(I19<20,0,IF(I19<25,20,IF(I19<30,40,IF(I19<=40,60+(I19-30)*3,60+30+(I19-40)*4)))) -> 0 | AD19: =IF(J19<20,0,IF(J19<25,20,IF(J19<30,40,IF(J19<=40,60+(J19-30)*3,60+30+(J19-40)*4)))) -> 0 | AE19: =IF(K19<20,0,IF(K19<25,20,IF(K19<30,40,IF(K19<=40,60+(K19-30)*3,60+30+(K19-40)*4)))) -> 0 | ... AL19: =IF(R19<20,0,IF(R19<25,20,IF(R19<30,40,IF(R19<=40,60+(R19-30)*3,60+30+(R19-40)*4)))) -> 0 | AM19: =SUM(X19:AL19) -> 238
A20: CC10049 | B20: KHADDI IBRAHIIM | C20: MARAVILLA | S20: =SUM(D20:R20) -> 0 | T20: 1 | U20: CC10049 | V20: KHADDI IBRAHIIM | W20: MARAVILLA | X20: =IF(D20<20,0,IF(D20<25,20,IF(D20<30,40,IF(D20<=40,60+(D20-30)*3,60+30+(D20-40)*4)))) -> 0 | Y20: =IF(E20<20,0,IF(E20<25,20,IF(E20<30,40,IF(E20<=40,60+(E20-30)*3,60+30+(E20-40)*4)))) -> 0 | Z20: =IF(F20<20,0,IF(F20<25,20,IF(F20<30,40,IF(F20<=40,60+(F20-30)*3,60+30+(F20-40)*4)))) -> 0 | AA20: =IF(G20<20,0,IF(G20<25,20,IF(G20<30,40,IF(G20<=40,60+(G20-30)*3,60+30+(G20-40)*4)))) -> 0 | AB20: =IF(H20<20,0,IF(H20<25,20,IF(H20<30,40,IF(H20<=40,60+(H20-30)*3,60+30+(H20-40)*4)))) -> 0 | AC20: =IF(I20<20,0,IF(I20<25,20,IF(I20<30,40,IF(I20<=40,60+(I20-30)*3,60+30+(I20-40)*4)))) -> 0 | AD20: =IF(J20<20,0,IF(J20<25,20,IF(J20<30,40,IF(J20<=40,60+(J20-30)*3,60+30+(J20-40)*4)))) -> 0 | AE20: =IF(K20<20,0,IF(K20<25,20,IF(K20<30,40,IF(K20<=40,60+(K20-30)*3,60+30+(K20-40)*4)))) -> 0 | ... AL20: =IF(R20<20,0,IF(R20<25,20,IF(R20<30,40,IF(R20<=40,60+(R20-30)*3,60+30+(R20-40)*4)))) -> 0 | AM20: =SUM(X20:AL20) -> 0
A21: CC10557 | B21: LARHRISSI BADR | C21: MARAVILLA | S21: =SUM(D21:R21) -> 0 | T21: 1 | U21: CC10557 | V21: LARHRISSI BADR | W21: MARAVILLA | X21: =IF(D21<20,0,IF(D21<25,20,IF(D21<30,40,IF(D21<=40,60+(D21-30)*3,60+30+(D21-40)*4)))) -> 0 | Y21: =IF(E21<20,0,IF(E21<25,20,IF(E21<30,40,IF(E21<=40,60+(E21-30)*3,60+30+(E21-40)*4)))) -> 0 | Z21: =IF(F21<20,0,IF(F21<25,20,IF(F21<30,40,IF(F21<=40,60+(F21-30)*3,60+30+(F21-40)*4)))) -> 0 | AA21: =IF(G21<20,0,IF(G21<25,20,IF(G21<30,40,IF(G21<=40,60+(G21-30)*3,60+30+(G21-40)*4)))) -> 0 | AB21: =IF(H21<20,0,IF(H21<25,20,IF(H21<30,40,IF(H21<=40,60+(H21-30)*3,60+30+(H21-40)*4)))) -> 0 | AC21: =IF(I21<20,0,IF(I21<25,20,IF(I21<30,40,IF(I21<=40,60+(I21-30)*3,60+30+(I21-40)*4)))) -> 0 | AD21: =IF(J21<20,0,IF(J21<25,20,IF(J21<30,40,IF(J21<=40,60+(J21-30)*3,60+30+(J21-40)*4)))) -> 0 | AE21: =IF(K21<20,0,IF(K21<25,20,IF(K21<30,40,IF(K21<=40,60+(K21-30)*3,60+30+(K21-40)*4)))) -> 0 | ... AL21: =IF(R21<20,0,IF(R21<25,20,IF(R21<30,40,IF(R21<=40,60+(R21-30)*3,60+30+(R21-40)*4)))) -> 0 | AM21: =SUM(X21:AL21) -> 0
A22: CC10839 | B22: EL HARBAOUI HASSAN | C22: MARAVILLA | I22: 3 | S22: =SUM(D22:R22) -> 3 | T22: 1 | U22: CC10839 | V22: EL HARBAOUI HASSAN | W22: MARAVILLA | X22: =IF(D22<20,0,IF(D22<25,20,IF(D22<30,40,IF(D22<=40,60+(D22-30)*3,60+30+(D22-40)*4)))) -> 0 | Y22: =IF(E22<20,0,IF(E22<25,20,IF(E22<30,40,IF(E22<=40,60+(E22-30)*3,60+30+(E22-40)*4)))) -> 0 | Z22: =IF(F22<20,0,IF(F22<25,20,IF(F22<30,40,IF(F22<=40,60+(F22-30)*3,60+30+(F22-40)*4)))) -> 0 | AA22: =IF(G22<20,0,IF(G22<25,20,IF(G22<30,40,IF(G22<=40,60+(G22-30)*3,60+30+(G22-40)*4)))) -> 0 | AB22: =IF(H22<20,0,IF(H22<25,20,IF(H22<30,40,IF(H22<=40,60+(H22-30)*3,60+30+(H22-40)*4)))) -> 0 | AC22: =IF(I22<20,0,IF(I22<25,20,IF(I22<30,40,IF(I22<=40,60+(I22-30)*3,60+30+(I22-40)*4)))) -> 0 | AD22: =IF(J22<20,0,IF(J22<25,20,IF(J22<30,40,IF(J22<=40,60+(J22-30)*3,60+30+(J22-40)*4)))) -> 0 | AE22: =IF(K22<20,0,IF(K22<25,20,IF(K22<30,40,IF(K22<=40,60+(K22-30)*3,60+30+(K22-40)*4)))) -> 0 | ... AL22: =IF(R22<20,0,IF(R22<25,20,IF(R22<30,40,IF(R22<=40,60+(R22-30)*3,60+30+(R22-40)*4)))) -> 0 | AM22: =SUM(X22:AL22) -> 0
A23: DD10113 | B23: BENZAINA HASSAN | C23: MARAVILLA | M23: 25.5 | S23: =SUM(D23:R23) -> 25.5 | T23: 1 | U23: DD10113 | V23: BENZAINA HASSAN | W23: MARAVILLA | X23: =IF(D23<20,0,IF(D23<25,20,IF(D23<30,40,IF(D23<=40,60+(D23-30)*3,60+30+(D23-40)*4)))) -> 0 | Y23: =IF(E23<20,0,IF(E23<25,20,IF(E23<30,40,IF(E23<=40,60+(E23-30)*3,60+30+(E23-40)*4)))) -> 0 | Z23: =IF(F23<20,0,IF(F23<25,20,IF(F23<30,40,IF(F23<=40,60+(F23-30)*3,60+30+(F23-40)*4)))) -> 0 | AA23: =IF(G23<20,0,IF(G23<25,20,IF(G23<30,40,IF(G23<=40,60+(G23-30)*3,60+30+(G23-40)*4)))) -> 0 | AB23: =IF(H23<20,0,IF(H23<25,20,IF(H23<30,40,IF(H23<=40,60+(H23-30)*3,60+30+(H23-40)*4)))) -> 0 | AC23: =IF(I23<20,0,IF(I23<25,20,IF(I23<30,40,IF(I23<=40,60+(I23-30)*3,60+30+(I23-40)*4)))) -> 0 | AD23: =IF(J23<20,0,IF(J23<25,20,IF(J23<30,40,IF(J23<=40,60+(J23-30)*3,60+30+(J23-40)*4)))) -> 0 | AE23: =IF(K23<20,0,IF(K23<25,20,IF(K23<30,40,IF(K23<=40,60+(K23-30)*3,60+30+(K23-40)*4)))) -> 0 | ... AL23: =IF(R23<20,0,IF(R23<25,20,IF(R23<30,40,IF(R23<=40,60+(R23-30)*3,60+30+(R23-40)*4)))) -> 0 | AM23: =SUM(X23:AL23) -> 40
A24: DD10115 | B24: MOUMAN ABDELGHANI | C24: MARAVILLA | M24: 15 | S24: =SUM(D24:R24) -> 15 | T24: 1 | U24: DD10115 | V24: MOUMAN ABDELGHANI | W24: MARAVILLA | X24: =IF(D24<20,0,IF(D24<25,20,IF(D24<30,40,IF(D24<=40,60+(D24-30)*3,60+30+(D24-40)*4)))) -> 0 | Y24: =IF(E24<20,0,IF(E24<25,20,IF(E24<30,40,IF(E24<=40,60+(E24-30)*3,60+30+(E24-40)*4)))) -> 0 | Z24: =IF(F24<20,0,IF(F24<25,20,IF(F24<30,40,IF(F24<=40,60+(F24-30)*3,60+30+(F24-40)*4)))) -> 0 | AA24: =IF(G24<20,0,IF(G24<25,20,IF(G24<30,40,IF(G24<=40,60+(G24-30)*3,60+30+(G24-40)*4)))) -> 0 | AB24: =IF(H24<20,0,IF(H24<25,20,IF(H24<30,40,IF(H24<=40,60+(H24-30)*3,60+30+(H24-40)*4)))) -> 0 | AC24: =IF(I24<20,0,IF(I24<25,20,IF(I24<30,40,IF(I24<=40,60+(I24-30)*3,60+30+(I24-40)*4)))) -> 0 | AD24: =IF(J24<20,0,IF(J24<25,20,IF(J24<30,40,IF(J24<=40,60+(J24-30)*3,60+30+(J24-40)*4)))) -> 0 | AE24: =IF(K24<20,0,IF(K24<25,20,IF(K24<30,40,IF(K24<=40,60+(K24-30)*3,60+30+(K24-40)*4)))) -> 0 | ... AL24: =IF(R24<20,0,IF(R24<25,20,IF(R24<30,40,IF(R24<=40,60+(R24-30)*3,60+30+(R24-40)*4)))) -> 0 | AM24: =SUM(X24:AL24) -> 0
A25: DD10245 | B25: ANNAICH MOHAMMED | C25: MARAVILLA | M25: 13.5 | S25: =SUM(D25:R25) -> 13.5 | T25: 1 | U25: DD10245 | V25: ANNAICH MOHAMMED | W25: MARAVILLA | X25: =IF(D25<20,0,IF(D25<25,20,IF(D25<30,40,IF(D25<=40,60+(D25-30)*3,60+30+(D25-40)*4)))) -> 0 | Y25: =IF(E25<20,0,IF(E25<25,20,IF(E25<30,40,IF(E25<=40,60+(E25-30)*3,60+30+(E25-40)*4)))) -> 0 | Z25: =IF(F25<20,0,IF(F25<25,20,IF(F25<30,40,IF(F25<=40,60+(F25-30)*3,60+30+(F25-40)*4)))) -> 0 | AA25: =IF(G25<20,0,IF(G25<25,20,IF(G25<30,40,IF(G25<=40,60+(G25-30)*3,60+30+(G25-40)*4)))) -> 0 | AB25: =IF(H25<20,0,IF(H25<25,20,IF(H25<30,40,IF(H25<=40,60+(H25-30)*3,60+30+(H25-40)*4)))) -> 0 | AC25: =IF(I25<20,0,IF(I25<25,20,IF(I25<30,40,IF(I25<=40,60+(I25-30)*3,60+30+(I25-40)*4)))) -> 0 | AD25: =IF(J25<20,0,IF(J25<25,20,IF(J25<30,40,IF(J25<=40,60+(J25-30)*3,60+30+(J25-40)*4)))) -> 0 | AE25: =IF(K25<20,0,IF(K25<25,20,IF(K25<30,40,IF(K25<=40,60+(K25-30)*3,60+30+(K25-40)*4)))) -> 0 | ... AL25: =IF(R25<20,0,IF(R25<25,20,IF(R25<30,40,IF(R25<=40,60+(R25-30)*3,60+30+(R25-40)*4)))) -> 0 | AM25: =SUM(X25:AL25) -> 0
A26: DD10439 | B26: KALLALI MOHAMED | C26: MARAVILLA | S26: =SUM(D26:R26) -> 0 | T26: 1 | U26: DD10439 | V26: KALLALI MOHAMED | W26: MARAVILLA | X26: =IF(D26<20,0,IF(D26<25,20,IF(D26<30,40,IF(D26<=40,60+(D26-30)*3,60+30+(D26-40)*4)))) -> 0 | Y26: =IF(E26<20,0,IF(E26<25,20,IF(E26<30,40,IF(E26<=40,60+(E26-30)*3,60+30+(E26-40)*4)))) -> 0 | Z26: =IF(F26<20,0,IF(F26<25,20,IF(F26<30,40,IF(F26<=40,60+(F26-30)*3,60+30+(F26-40)*4)))) -> 0 | AA26: =IF(G26<20,0,IF(G26<25,20,IF(G26<30,40,IF(G26<=40,60+(G26-30)*3,60+30+(G26-40)*4)))) -> 0 | AB26: =IF(H26<20,0,IF(H26<25,20,IF(H26<30,40,IF(H26<=40,60+(H26-30)*3,60+30+(H26-40)*4)))) -> 0 | AC26: =IF(I26<20,0,IF(I26<25,20,IF(I26<30,40,IF(I26<=40,60+(I26-30)*3,60+30+(I26-40)*4)))) -> 0 | AD26: =IF(J26<20,0,IF(J26<25,20,IF(J26<30,40,IF(J26<=40,60+(J26-30)*3,60+30+(J26-40)*4)))) -> 0 | AE26: =IF(K26<20,0,IF(K26<25,20,IF(K26<30,40,IF(K26<=40,60+(K26-30)*3,60+30+(K26-40)*4)))) -> 0 | ... AL26: =IF(R26<20,0,IF(R26<25,20,IF(R26<30,40,IF(R26<=40,60+(R26-30)*3,60+30+(R26-40)*4)))) -> 0 | AM26: =SUM(X26:AL26) -> 0
A27: DD10517 | B27: KALALI NOURDINNE | C27: MARAVILLA | S27: =SUM(D27:R27) -> 0 | T27: 1 | U27: DD10517 | V27: KALALI NOURDINNE | W27: MARAVILLA | X27: =IF(D27<20,0,IF(D27<25,20,IF(D27<30,40,IF(D27<=40,60+(D27-30)*3,60+30+(D27-40)*4)))) -> 0 | Y27: =IF(E27<20,0,IF(E27<25,20,IF(E27<30,40,IF(E27<=40,60+(E27-30)*3,60+30+(E27-40)*4)))) -> 0 | Z27: =IF(F27<20,0,IF(F27<25,20,IF(F27<30,40,IF(F27<=40,60+(F27-30)*3,60+30+(F27-40)*4)))) -> 0 | AA27: =IF(G27<20,0,IF(G27<25,20,IF(G27<30,40,IF(G27<=40,60+(G27-30)*3,60+30+(G27-40)*4)))) -> 0 | AB27: =IF(H27<20,0,IF(H27<25,20,IF(H27<30,40,IF(H27<=40,60+(H27-30)*3,60+30+(H27-40)*4)))) -> 0 | AC27: =IF(I27<20,0,IF(I27<25,20,IF(I27<30,40,IF(I27<=40,60+(I27-30)*3,60+30+(I27-40)*4)))) -> 0 | AD27: =IF(J27<20,0,IF(J27<25,20,IF(J27<30,40,IF(J27<=40,60+(J27-30)*3,60+30+(J27-40)*4)))) -> 0 | AE27: =IF(K27<20,0,IF(K27<25,20,IF(K27<30,40,IF(K27<=40,60+(K27-30)*3,60+30+(K27-40)*4)))) -> 0 | ... AL27: =IF(R27<20,0,IF(R27<25,20,IF(R27<30,40,IF(R27<=40,60+(R27-30)*3,60+30+(R27-40)*4)))) -> 0 | AM27: =SUM(X27:AL27) -> 0
A28: DD10518 | B28: EL BAZZA MOUHSSINE | C28: MARAVILLA | S28: =SUM(D28:R28) -> 0 | T28: 1 | U28: DD10518 | V28: EL BAZZA MOUHSSINE | W28: MARAVILLA | X28: =IF(D28<20,0,IF(D28<25,20,IF(D28<30,40,IF(D28<=40,60+(D28-30)*3,60+30+(D28-40)*4)))) -> 0 | Y28: =IF(E28<20,0,IF(E28<25,20,IF(E28<30,40,IF(E28<=40,60+(E28-30)*3,60+30+(E28-40)*4)))) -> 0 | Z28: =IF(F28<20,0,IF(F28<25,20,IF(F28<30,40,IF(F28<=40,60+(F28-30)*3,60+30+(F28-40)*4)))) -> 0 | AA28: =IF(G28<20,0,IF(G28<25,20,IF(G28<30,40,IF(G28<=40,60+(G28-30)*3,60+30+(G28-40)*4)))) -> 0 | AB28: =IF(H28<20,0,IF(H28<25,20,IF(H28<30,40,IF(H28<=40,60+(H28-30)*3,60+30+(H28-40)*4)))) -> 0 | AC28: =IF(I28<20,0,IF(I28<25,20,IF(I28<30,40,IF(I28<=40,60+(I28-30)*3,60+30+(I28-40)*4)))) -> 0 | AD28: =IF(J28<20,0,IF(J28<25,20,IF(J28<30,40,IF(J28<=40,60+(J28-30)*3,60+30+(J28-40)*4)))) -> 0 | AE28: =IF(K28<20,0,IF(K28<25,20,IF(K28<30,40,IF(K28<=40,60+(K28-30)*3,60+30+(K28-40)*4)))) -> 0 | ... AL28: =IF(R28<20,0,IF(R28<25,20,IF(R28<30,40,IF(R28<=40,60+(R28-30)*3,60+30+(R28-40)*4)))) -> 0 | AM28: =SUM(X28:AL28) -> 0
A29: DD10519 | B29: EL AYDI RACHID | C29: MARAVILLA | M29: 18 | S29: =SUM(D29:R29) -> 18 | T29: 1 | U29: DD10519 | V29: EL AYDI RACHID | W29: MARAVILLA | X29: =IF(D29<20,0,IF(D29<25,20,IF(D29<30,40,IF(D29<=40,60+(D29-30)*3,60+30+(D29-40)*4)))) -> 0 | Y29: =IF(E29<20,0,IF(E29<25,20,IF(E29<30,40,IF(E29<=40,60+(E29-30)*3,60+30+(E29-40)*4)))) -> 0 | Z29: =IF(F29<20,0,IF(F29<25,20,IF(F29<30,40,IF(F29<=40,60+(F29-30)*3,60+30+(F29-40)*4)))) -> 0 | AA29: =IF(G29<20,0,IF(G29<25,20,IF(G29<30,40,IF(G29<=40,60+(G29-30)*3,60+30+(G29-40)*4)))) -> 0 | AB29: =IF(H29<20,0,IF(H29<25,20,IF(H29<30,40,IF(H29<=40,60+(H29-30)*3,60+30+(H29-40)*4)))) -> 0 | AC29: =IF(I29<20,0,IF(I29<25,20,IF(I29<30,40,IF(I29<=40,60+(I29-30)*3,60+30+(I29-40)*4)))) -> 0 | AD29: =IF(J29<20,0,IF(J29<25,20,IF(J29<30,40,IF(J29<=40,60+(J29-30)*3,60+30+(J29-40)*4)))) -> 0 | AE29: =IF(K29<20,0,IF(K29<25,20,IF(K29<30,40,IF(K29<=40,60+(K29-30)*3,60+30+(K29-40)*4)))) -> 0 | ... AL29: =IF(R29<20,0,IF(R29<25,20,IF(R29<30,40,IF(R29<=40,60+(R29-30)*3,60+30+(R29-40)*4)))) -> 0 | AM29: =SUM(X29:AL29) -> 0
A30: DD10524 | B30: ZAABOUL MOHAMED | C30: MARAVILLA | M30: 25.5 | S30: =SUM(D30:R30) -> 25.5 | T30: 1 | U30: DD10524 | V30: ZAABOUL MOHAMED | W30: MARAVILLA | X30: =IF(D30<20,0,IF(D30<25,20,IF(D30<30,40,IF(D30<=40,60+(D30-30)*3,60+30+(D30-40)*4)))) -> 0 | Y30: =IF(E30<20,0,IF(E30<25,20,IF(E30<30,40,IF(E30<=40,60+(E30-30)*3,60+30+(E30-40)*4)))) -> 0 | Z30: =IF(F30<20,0,IF(F30<25,20,IF(F30<30,40,IF(F30<=40,60+(F30-30)*3,60+30+(F30-40)*4)))) -> 0 | AA30: =IF(G30<20,0,IF(G30<25,20,IF(G30<30,40,IF(G30<=40,60+(G30-30)*3,60+30+(G30-40)*4)))) -> 0 | AB30: =IF(H30<20,0,IF(H30<25,20,IF(H30<30,40,IF(H30<=40,60+(H30-30)*3,60+30+(H30-40)*4)))) -> 0 | AC30: =IF(I30<20,0,IF(I30<25,20,IF(I30<30,40,IF(I30<=40,60+(I30-30)*3,60+30+(I30-40)*4)))) -> 0 | AD30: =IF(J30<20,0,IF(J30<25,20,IF(J30<30,40,IF(J30<=40,60+(J30-30)*3,60+30+(J30-40)*4)))) -> 0 | AE30: =IF(K30<20,0,IF(K30<25,20,IF(K30<30,40,IF(K30<=40,60+(K30-30)*3,60+30+(K30-40)*4)))) -> 0 | ... AL30: =IF(R30<20,0,IF(R30<25,20,IF(R30<30,40,IF(R30<=40,60+(R30-30)*3,60+30+(R30-40)*4)))) -> 0 | AM30: =SUM(X30:AL30) -> 40
A31: DD10548 | B31: BENHLAL ABDERRAHMAN | C31: MARAVILLA | S31: =SUM(D31:R31) -> 0 | T31: 1 | U31: DD10548 | V31: BENHLAL ABDERRAHMAN | W31: MARAVILLA | X31: =IF(D31<20,0,IF(D31<25,20,IF(D31<30,40,IF(D31<=40,60+(D31-30)*3,60+30+(D31-40)*4)))) -> 0 | Y31: =IF(E31<20,0,IF(E31<25,20,IF(E31<30,40,IF(E31<=40,60+(E31-30)*3,60+30+(E31-40)*4)))) -> 0 | Z31: =IF(F31<20,0,IF(F31<25,20,IF(F31<30,40,IF(F31<=40,60+(F31-30)*3,60+30+(F31-40)*4)))) -> 0 | AA31: =IF(G31<20,0,IF(G31<25,20,IF(G31<30,40,IF(G31<=40,60+(G31-30)*3,60+30+(G31-40)*4)))) -> 0 | AB31: =IF(H31<20,0,IF(H31<25,20,IF(H31<30,40,IF(H31<=40,60+(H31-30)*3,60+30+(H31-40)*4)))) -> 0 | AC31: =IF(I31<20,0,IF(I31<25,20,IF(I31<30,40,IF(I31<=40,60+(I31-30)*3,60+30+(I31-40)*4)))) -> 0 | AD31: =IF(J31<20,0,IF(J31<25,20,IF(J31<30,40,IF(J31<=40,60+(J31-30)*3,60+30+(J31-40)*4)))) -> 0 | AE31: =IF(K31<20,0,IF(K31<25,20,IF(K31<30,40,IF(K31<=40,60+(K31-30)*3,60+30+(K31-40)*4)))) -> 0 | ... AL31: =IF(R31<20,0,IF(R31<25,20,IF(R31<30,40,IF(R31<=40,60+(R31-30)*3,60+30+(R31-40)*4)))) -> 0 | AM31: =SUM(X31:AL31) -> 0
A32: DD10550 | B32: EL AYDI ABDELTIF | C32: MARAVILLA | M32: 16.5 | S32: =SUM(D32:R32) -> 16.5 | T32: 1 | U32: DD10550 | V32: EL AYDI ABDELTIF | W32: MARAVILLA | X32: =IF(D32<20,0,IF(D32<25,20,IF(D32<30,40,IF(D32<=40,60+(D32-30)*3,60+30+(D32-40)*4)))) -> 0 | Y32: =IF(E32<20,0,IF(E32<25,20,IF(E32<30,40,IF(E32<=40,60+(E32-30)*3,60+30+(E32-40)*4)))) -> 0 | Z32: =IF(F32<20,0,IF(F32<25,20,IF(F32<30,40,IF(F32<=40,60+(F32-30)*3,60+30+(F32-40)*4)))) -> 0 | AA32: =IF(G32<20,0,IF(G32<25,20,IF(G32<30,40,IF(G32<=40,60+(G32-30)*3,60+30+(G32-40)*4)))) -> 0 | AB32: =IF(H32<20,0,IF(H32<25,20,IF(H32<30,40,IF(H32<=40,60+(H32-30)*3,60+30+(H32-40)*4)))) -> 0 | AC32: =IF(I32<20,0,IF(I32<25,20,IF(I32<30,40,IF(I32<=40,60+(I32-30)*3,60+30+(I32-40)*4)))) -> 0 | AD32: =IF(J32<20,0,IF(J32<25,20,IF(J32<30,40,IF(J32<=40,60+(J32-30)*3,60+30+(J32-40)*4)))) -> 0 | AE32: =IF(K32<20,0,IF(K32<25,20,IF(K32<30,40,IF(K32<=40,60+(K32-30)*3,60+30+(K32-40)*4)))) -> 0 | ... AL32: =IF(R32<20,0,IF(R32<25,20,IF(R32<30,40,IF(R32<=40,60+(R32-30)*3,60+30+(R32-40)*4)))) -> 0 | AM32: =SUM(X32:AL32) -> 0
A33: DD10574 | B33: BELHAID M'BAREK | C33: MARAVILLA | M33: 13.5 | S33: =SUM(D33:R33) -> 13.5 | T33: 1 | U33: DD10574 | V33: BELHAID M'BAREK | W33: MARAVILLA | X33: =IF(D33<20,0,IF(D33<25,20,IF(D33<30,40,IF(D33<=40,60+(D33-30)*3,60+30+(D33-40)*4)))) -> 0 | Y33: =IF(E33<20,0,IF(E33<25,20,IF(E33<30,40,IF(E33<=40,60+(E33-30)*3,60+30+(E33-40)*4)))) -> 0 | Z33: =IF(F33<20,0,IF(F33<25,20,IF(F33<30,40,IF(F33<=40,60+(F33-30)*3,60+30+(F33-40)*4)))) -> 0 | AA33: =IF(G33<20,0,IF(G33<25,20,IF(G33<30,40,IF(G33<=40,60+(G33-30)*3,60+30+(G33-40)*4)))) -> 0 | AB33: =IF(H33<20,0,IF(H33<25,20,IF(H33<30,40,IF(H33<=40,60+(H33-30)*3,60+30+(H33-40)*4)))) -> 0 | AC33: =IF(I33<20,0,IF(I33<25,20,IF(I33<30,40,IF(I33<=40,60+(I33-30)*3,60+30+(I33-40)*4)))) -> 0 | AD33: =IF(J33<20,0,IF(J33<25,20,IF(J33<30,40,IF(J33<=40,60+(J33-30)*3,60+30+(J33-40)*4)))) -> 0 | AE33: =IF(K33<20,0,IF(K33<25,20,IF(K33<30,40,IF(K33<=40,60+(K33-30)*3,60+30+(K33-40)*4)))) -> 0 | ... AL33: =IF(R33<20,0,IF(R33<25,20,IF(R33<30,40,IF(R33<=40,60+(R33-30)*3,60+30+(R33-40)*4)))) -> 0 | AM33: =SUM(X33:AL33) -> 0
A34: DD10575 | B34: KALALI 2 AHMED | C34: MARAVILLA | M34: 16.5 | S34: =SUM(D34:R34) -> 16.5 | T34: 1 | U34: DD10575 | V34: KALALI 2 AHMED | W34: MARAVILLA | X34: =IF(D34<20,0,IF(D34<25,20,IF(D34<30,40,IF(D34<=40,60+(D34-30)*3,60+30+(D34-40)*4)))) -> 0 | Y34: =IF(E34<20,0,IF(E34<25,20,IF(E34<30,40,IF(E34<=40,60+(E34-30)*3,60+30+(E34-40)*4)))) -> 0 | Z34: =IF(F34<20,0,IF(F34<25,20,IF(F34<30,40,IF(F34<=40,60+(F34-30)*3,60+30+(F34-40)*4)))) -> 0 | AA34: =IF(G34<20,0,IF(G34<25,20,IF(G34<30,40,IF(G34<=40,60+(G34-30)*3,60+30+(G34-40)*4)))) -> 0 | AB34: =IF(H34<20,0,IF(H34<25,20,IF(H34<30,40,IF(H34<=40,60+(H34-30)*3,60+30+(H34-40)*4)))) -> 0 | AC34: =IF(I34<20,0,IF(I34<25,20,IF(I34<30,40,IF(I34<=40,60+(I34-30)*3,60+30+(I34-40)*4)))) -> 0 | AD34: =IF(J34<20,0,IF(J34<25,20,IF(J34<30,40,IF(J34<=40,60+(J34-30)*3,60+30+(J34-40)*4)))) -> 0 | AE34: =IF(K34<20,0,IF(K34<25,20,IF(K34<30,40,IF(K34<=40,60+(K34-30)*3,60+30+(K34-40)*4)))) -> 0 | ... AL34: =IF(R34<20,0,IF(R34<25,20,IF(R34<30,40,IF(R34<=40,60+(R34-30)*3,60+30+(R34-40)*4)))) -> 0 | AM34: =SUM(X34:AL34) -> 0
A35: DD10593 | B35: EL HAITAM MOHAMED | C35: MARAVILLA | S35: =SUM(D35:R35) -> 0 | T35: 1 | U35: DD10593 | V35: EL HAITAM MOHAMED | W35: MARAVILLA | X35: =IF(D35<20,0,IF(D35<25,20,IF(D35<30,40,IF(D35<=40,60+(D35-30)*3,60+30+(D35-40)*4)))) -> 0 | Y35: =IF(E35<20,0,IF(E35<25,20,IF(E35<30,40,IF(E35<=40,60+(E35-30)*3,60+30+(E35-40)*4)))) -> 0 | Z35: =IF(F35<20,0,IF(F35<25,20,IF(F35<30,40,IF(F35<=40,60+(F35-30)*3,60+30+(F35-40)*4)))) -> 0 | AA35: =IF(G35<20,0,IF(G35<25,20,IF(G35<30,40,IF(G35<=40,60+(G35-30)*3,60+30+(G35-40)*4)))) -> 0 | AB35: =IF(H35<20,0,IF(H35<25,20,IF(H35<30,40,IF(H35<=40,60+(H35-30)*3,60+30+(H35-40)*4)))) -> 0 | AC35: =IF(I35<20,0,IF(I35<25,20,IF(I35<30,40,IF(I35<=40,60+(I35-30)*3,60+30+(I35-40)*4)))) -> 0 | AD35: =IF(J35<20,0,IF(J35<25,20,IF(J35<30,40,IF(J35<=40,60+(J35-30)*3,60+30+(J35-40)*4)))) -> 0 | AE35: =IF(K35<20,0,IF(K35<25,20,IF(K35<30,40,IF(K35<=40,60+(K35-30)*3,60+30+(K35-40)*4)))) -> 0 | ... AL35: =IF(R35<20,0,IF(R35<25,20,IF(R35<30,40,IF(R35<=40,60+(R35-30)*3,60+30+(R35-40)*4)))) -> 0 | AM35: =SUM(X35:AL35) -> 0
A36: DD10594 | B36: TRIBACH ABDESLAM | C36: MARAVILLA | S36: =SUM(D36:R36) -> 0 | T36: 1 | U36: DD10594 | V36: TRIBACH ABDESLAM | W36: MARAVILLA | X36: =IF(D36<20,0,IF(D36<25,20,IF(D36<30,40,IF(D36<=40,60+(D36-30)*3,60+30+(D36-40)*4)))) -> 0 | Y36: =IF(E36<20,0,IF(E36<25,20,IF(E36<30,40,IF(E36<=40,60+(E36-30)*3,60+30+(E36-40)*4)))) -> 0 | Z36: =IF(F36<20,0,IF(F36<25,20,IF(F36<30,40,IF(F36<=40,60+(F36-30)*3,60+30+(F36-40)*4)))) -> 0 | AA36: =IF(G36<20,0,IF(G36<25,20,IF(G36<30,40,IF(G36<=40,60+(G36-30)*3,60+30+(G36-40)*4)))) -> 0 | AB36: =IF(H36<20,0,IF(H36<25,20,IF(H36<30,40,IF(H36<=40,60+(H36-30)*3,60+30+(H36-40)*4)))) -> 0 | AC36: =IF(I36<20,0,IF(I36<25,20,IF(I36<30,40,IF(I36<=40,60+(I36-30)*3,60+30+(I36-40)*4)))) -> 0 | AD36: =IF(J36<20,0,IF(J36<25,20,IF(J36<30,40,IF(J36<=40,60+(J36-30)*3,60+30+(J36-40)*4)))) -> 0 | AE36: =IF(K36<20,0,IF(K36<25,20,IF(K36<30,40,IF(K36<=40,60+(K36-30)*3,60+30+(K36-40)*4)))) -> 0 | ... AL36: =IF(R36<20,0,IF(R36<25,20,IF(R36<30,40,IF(R36<=40,60+(R36-30)*3,60+30+(R36-40)*4)))) -> 0 | AM36: =SUM(X36:AL36) -> 0
A37: DD10598 | B37: ROUICHAK IMAD | C37: MARAVILLA | S37: =SUM(D37:R37) -> 0 | T37: 1 | U37: DD10598 | V37: ROUICHAK IMAD | W37: MARAVILLA | X37: =IF(D37<20,0,IF(D37<25,20,IF(D37<30,40,IF(D37<=40,60+(D37-30)*3,60+30+(D37-40)*4)))) -> 0 | Y37: =IF(E37<20,0,IF(E37<25,20,IF(E37<30,40,IF(E37<=40,60+(E37-30)*3,60+30+(E37-40)*4)))) -> 0 | Z37: =IF(F37<20,0,IF(F37<25,20,IF(F37<30,40,IF(F37<=40,60+(F37-30)*3,60+30+(F37-40)*4)))) -> 0 | AA37: =IF(G37<20,0,IF(G37<25,20,IF(G37<30,40,IF(G37<=40,60+(G37-30)*3,60+30+(G37-40)*4)))) -> 0 | AB37: =IF(H37<20,0,IF(H37<25,20,IF(H37<30,40,IF(H37<=40,60+(H37-30)*3,60+30+(H37-40)*4)))) -> 0 | AC37: =IF(I37<20,0,IF(I37<25,20,IF(I37<30,40,IF(I37<=40,60+(I37-30)*3,60+30+(I37-40)*4)))) -> 0 | AD37: =IF(J37<20,0,IF(J37<25,20,IF(J37<30,40,IF(J37<=40,60+(J37-30)*3,60+30+(J37-40)*4)))) -> 0 | AE37: =IF(K37<20,0,IF(K37<25,20,IF(K37<30,40,IF(K37<=40,60+(K37-30)*3,60+30+(K37-40)*4)))) -> 0 | ... AL37: =IF(R37<20,0,IF(R37<25,20,IF(R37<30,40,IF(R37<=40,60+(R37-30)*3,60+30+(R37-40)*4)))) -> 0 | AM37: =SUM(X37:AL37) -> 0
A38: DD10599 | B38: KARDOUDA RACHID | C38: MARAVILLA | S38: =SUM(D38:R38) -> 0 | T38: 1 | U38: DD10599 | V38: KARDOUDA RACHID | W38: MARAVILLA | X38: =IF(D38<20,0,IF(D38<25,20,IF(D38<30,40,IF(D38<=40,60+(D38-30)*3,60+30+(D38-40)*4)))) -> 0 | Y38: =IF(E38<20,0,IF(E38<25,20,IF(E38<30,40,IF(E38<=40,60+(E38-30)*3,60+30+(E38-40)*4)))) -> 0 | Z38: =IF(F38<20,0,IF(F38<25,20,IF(F38<30,40,IF(F38<=40,60+(F38-30)*3,60+30+(F38-40)*4)))) -> 0 | AA38: =IF(G38<20,0,IF(G38<25,20,IF(G38<30,40,IF(G38<=40,60+(G38-30)*3,60+30+(G38-40)*4)))) -> 0 | AB38: =IF(H38<20,0,IF(H38<25,20,IF(H38<30,40,IF(H38<=40,60+(H38-30)*3,60+30+(H38-40)*4)))) -> 0 | AC38: =IF(I38<20,0,IF(I38<25,20,IF(I38<30,40,IF(I38<=40,60+(I38-30)*3,60+30+(I38-40)*4)))) -> 0 | AD38: =IF(J38<20,0,IF(J38<25,20,IF(J38<30,40,IF(J38<=40,60+(J38-30)*3,60+30+(J38-40)*4)))) -> 0 | AE38: =IF(K38<20,0,IF(K38<25,20,IF(K38<30,40,IF(K38<=40,60+(K38-30)*3,60+30+(K38-40)*4)))) -> 0 | ... AL38: =IF(R38<20,0,IF(R38<25,20,IF(R38<30,40,IF(R38<=40,60+(R38-30)*3,60+30+(R38-40)*4)))) -> 0 | AM38: =SUM(X38:AL38) -> 0
A39: DD10602 | B39: KALALI AHMED | C39: MARAVILLA | S39: =SUM(D39:R39) -> 0 | T39: 1 | U39: DD10602 | V39: KALALI AHMED | W39: MARAVILLA | X39: =IF(D39<20,0,IF(D39<25,20,IF(D39<30,40,IF(D39<=40,60+(D39-30)*3,60+30+(D39-40)*4)))) -> 0 | Y39: =IF(E39<20,0,IF(E39<25,20,IF(E39<30,40,IF(E39<=40,60+(E39-30)*3,60+30+(E39-40)*4)))) -> 0 | Z39: =IF(F39<20,0,IF(F39<25,20,IF(F39<30,40,IF(F39<=40,60+(F39-30)*3,60+30+(F39-40)*4)))) -> 0 | AA39: =IF(G39<20,0,IF(G39<25,20,IF(G39<30,40,IF(G39<=40,60+(G39-30)*3,60+30+(G39-40)*4)))) -> 0 | AB39: =IF(H39<20,0,IF(H39<25,20,IF(H39<30,40,IF(H39<=40,60+(H39-30)*3,60+30+(H39-40)*4)))) -> 0 | AC39: =IF(I39<20,0,IF(I39<25,20,IF(I39<30,40,IF(I39<=40,60+(I39-30)*3,60+30+(I39-40)*4)))) -> 0 | AD39: =IF(J39<20,0,IF(J39<25,20,IF(J39<30,40,IF(J39<=40,60+(J39-30)*3,60+30+(J39-40)*4)))) -> 0 | AE39: =IF(K39<20,0,IF(K39<25,20,IF(K39<30,40,IF(K39<=40,60+(K39-30)*3,60+30+(K39-40)*4)))) -> 0 | ... AL39: =IF(R39<20,0,IF(R39<25,20,IF(R39<30,40,IF(R39<=40,60+(R39-30)*3,60+30+(R39-40)*4)))) -> 0 | AM39: =SUM(X39:AL39) -> 0
A40: DD10645 | B40: TRIBACH OMAR | C40: MARAVILLA | S40: =SUM(D40:R40) -> 0 | T40: 1 | U40: DD10645 | V40: TRIBACH OMAR | W40: MARAVILLA | X40: =IF(D40<20,0,IF(D40<25,20,IF(D40<30,40,IF(D40<=40,60+(D40-30)*3,60+30+(D40-40)*4)))) -> 0 | Y40: =IF(E40<20,0,IF(E40<25,20,IF(E40<30,40,IF(E40<=40,60+(E40-30)*3,60+30+(E40-40)*4)))) -> 0 | Z40: =IF(F40<20,0,IF(F40<25,20,IF(F40<30,40,IF(F40<=40,60+(F40-30)*3,60+30+(F40-40)*4)))) -> 0 | AA40: =IF(G40<20,0,IF(G40<25,20,IF(G40<30,40,IF(G40<=40,60+(G40-30)*3,60+30+(G40-40)*4)))) -> 0 | AB40: =IF(H40<20,0,IF(H40<25,20,IF(H40<30,40,IF(H40<=40,60+(H40-30)*3,60+30+(H40-40)*4)))) -> 0 | AC40: =IF(I40<20,0,IF(I40<25,20,IF(I40<30,40,IF(I40<=40,60+(I40-30)*3,60+30+(I40-40)*4)))) -> 0 | AD40: =IF(J40<20,0,IF(J40<25,20,IF(J40<30,40,IF(J40<=40,60+(J40-30)*3,60+30+(J40-40)*4)))) -> 0 | AE40: =IF(K40<20,0,IF(K40<25,20,IF(K40<30,40,IF(K40<=40,60+(K40-30)*3,60+30+(K40-40)*4)))) -> 0 | ... AL40: =IF(R40<20,0,IF(R40<25,20,IF(R40<30,40,IF(R40<=40,60+(R40-30)*3,60+30+(R40-40)*4)))) -> 0 | AM40: =SUM(X40:AL40) -> 0
A41: DD10646 | B41: AL-AKRAFLI ABDELMAJID | C41: MARAVILLA | S41: =SUM(D41:R41) -> 0 | T41: 1 | U41: DD10646 | V41: AL-AKRAFLI ABDELMAJID | W41: MARAVILLA | X41: =IF(D41<20,0,IF(D41<25,20,IF(D41<30,40,IF(D41<=40,60+(D41-30)*3,60+30+(D41-40)*4)))) -> 0 | Y41: =IF(E41<20,0,IF(E41<25,20,IF(E41<30,40,IF(E41<=40,60+(E41-30)*3,60+30+(E41-40)*4)))) -> 0 | Z41: =IF(F41<20,0,IF(F41<25,20,IF(F41<30,40,IF(F41<=40,60+(F41-30)*3,60+30+(F41-40)*4)))) -> 0 | AA41: =IF(G41<20,0,IF(G41<25,20,IF(G41<30,40,IF(G41<=40,60+(G41-30)*3,60+30+(G41-40)*4)))) -> 0 | AB41: =IF(H41<20,0,IF(H41<25,20,IF(H41<30,40,IF(H41<=40,60+(H41-30)*3,60+30+(H41-40)*4)))) -> 0 | AC41: =IF(I41<20,0,IF(I41<25,20,IF(I41<30,40,IF(I41<=40,60+(I41-30)*3,60+30+(I41-40)*4)))) -> 0 | AD41: =IF(J41<20,0,IF(J41<25,20,IF(J41<30,40,IF(J41<=40,60+(J41-30)*3,60+30+(J41-40)*4)))) -> 0 | AE41: =IF(K41<20,0,IF(K41<25,20,IF(K41<30,40,IF(K41<=40,60+(K41-30)*3,60+30+(K41-40)*4)))) -> 0 | ... AL41: =IF(R41<20,0,IF(R41<25,20,IF(R41<30,40,IF(R41<=40,60+(R41-30)*3,60+30+(R41-40)*4)))) -> 0 | AM41: =SUM(X41:AL41) -> 0
A42: DD10647 | B42: CHAHIDI NORDDINE | C42: MARAVILLA | M42: 18 | S42: =SUM(D42:R42) -> 18 | T42: 1 | U42: DD10647 | V42: CHAHIDI NORDDINE | W42: MARAVILLA | X42: =IF(D42<20,0,IF(D42<25,20,IF(D42<30,40,IF(D42<=40,60+(D42-30)*3,60+30+(D42-40)*4)))) -> 0 | Y42: =IF(E42<20,0,IF(E42<25,20,IF(E42<30,40,IF(E42<=40,60+(E42-30)*3,60+30+(E42-40)*4)))) -> 0 | Z42: =IF(F42<20,0,IF(F42<25,20,IF(F42<30,40,IF(F42<=40,60+(F42-30)*3,60+30+(F42-40)*4)))) -> 0 | AA42: =IF(G42<20,0,IF(G42<25,20,IF(G42<30,40,IF(G42<=40,60+(G42-30)*3,60+30+(G42-40)*4)))) -> 0 | AB42: =IF(H42<20,0,IF(H42<25,20,IF(H42<30,40,IF(H42<=40,60+(H42-30)*3,60+30+(H42-40)*4)))) -> 0 | AC42: =IF(I42<20,0,IF(I42<25,20,IF(I42<30,40,IF(I42<=40,60+(I42-30)*3,60+30+(I42-40)*4)))) -> 0 | AD42: =IF(J42<20,0,IF(J42<25,20,IF(J42<30,40,IF(J42<=40,60+(J42-30)*3,60+30+(J42-40)*4)))) -> 0 | AE42: =IF(K42<20,0,IF(K42<25,20,IF(K42<30,40,IF(K42<=40,60+(K42-30)*3,60+30+(K42-40)*4)))) -> 0 | ... AL42: =IF(R42<20,0,IF(R42<25,20,IF(R42<30,40,IF(R42<=40,60+(R42-30)*3,60+30+(R42-40)*4)))) -> 0 | AM42: =SUM(X42:AL42) -> 0
A43: DD10654 | B43: TRIBCH JELLOUL | C43: MARAVILLA | S43: =SUM(D43:R43) -> 0 | T43: 1 | U43: DD10654 | V43: TRIBCH JELLOUL | W43: MARAVILLA | X43: =IF(D43<20,0,IF(D43<25,20,IF(D43<30,40,IF(D43<=40,60+(D43-30)*3,60+30+(D43-40)*4)))) -> 0 | Y43: =IF(E43<20,0,IF(E43<25,20,IF(E43<30,40,IF(E43<=40,60+(E43-30)*3,60+30+(E43-40)*4)))) -> 0 | Z43: =IF(F43<20,0,IF(F43<25,20,IF(F43<30,40,IF(F43<=40,60+(F43-30)*3,60+30+(F43-40)*4)))) -> 0 | AA43: =IF(G43<20,0,IF(G43<25,20,IF(G43<30,40,IF(G43<=40,60+(G43-30)*3,60+30+(G43-40)*4)))) -> 0 | AB43: =IF(H43<20,0,IF(H43<25,20,IF(H43<30,40,IF(H43<=40,60+(H43-30)*3,60+30+(H43-40)*4)))) -> 0 | AC43: =IF(I43<20,0,IF(I43<25,20,IF(I43<30,40,IF(I43<=40,60+(I43-30)*3,60+30+(I43-40)*4)))) -> 0 | AD43: =IF(J43<20,0,IF(J43<25,20,IF(J43<30,40,IF(J43<=40,60+(J43-30)*3,60+30+(J43-40)*4)))) -> 0 | AE43: =IF(K43<20,0,IF(K43<25,20,IF(K43<30,40,IF(K43<=40,60+(K43-30)*3,60+30+(K43-40)*4)))) -> 0 | ... AL43: =IF(R43<20,0,IF(R43<25,20,IF(R43<30,40,IF(R43<=40,60+(R43-30)*3,60+30+(R43-40)*4)))) -> 0 | AM43: =SUM(X43:AL43) -> 0
A44: DD10670 | B44: KALALI ABDELLILAH | C44: MARAVILLA | S44: =SUM(D44:R44) -> 0 | T44: 1 | U44: DD10670 | V44: KALALI ABDELLILAH | W44: MARAVILLA | X44: =IF(D44<20,0,IF(D44<25,20,IF(D44<30,40,IF(D44<=40,60+(D44-30)*3,60+30+(D44-40)*4)))) -> 0 | Y44: =IF(E44<20,0,IF(E44<25,20,IF(E44<30,40,IF(E44<=40,60+(E44-30)*3,60+30+(E44-40)*4)))) -> 0 | Z44: =IF(F44<20,0,IF(F44<25,20,IF(F44<30,40,IF(F44<=40,60+(F44-30)*3,60+30+(F44-40)*4)))) -> 0 | AA44: =IF(G44<20,0,IF(G44<25,20,IF(G44<30,40,IF(G44<=40,60+(G44-30)*3,60+30+(G44-40)*4)))) -> 0 | AB44: =IF(H44<20,0,IF(H44<25,20,IF(H44<30,40,IF(H44<=40,60+(H44-30)*3,60+30+(H44-40)*4)))) -> 0 | AC44: =IF(I44<20,0,IF(I44<25,20,IF(I44<30,40,IF(I44<=40,60+(I44-30)*3,60+30+(I44-40)*4)))) -> 0 | AD44: =IF(J44<20,0,IF(J44<25,20,IF(J44<30,40,IF(J44<=40,60+(J44-30)*3,60+30+(J44-40)*4)))) -> 0 | AE44: =IF(K44<20,0,IF(K44<25,20,IF(K44<30,40,IF(K44<=40,60+(K44-30)*3,60+30+(K44-40)*4)))) -> 0 | ... AL44: =IF(R44<20,0,IF(R44<25,20,IF(R44<30,40,IF(R44<=40,60+(R44-30)*3,60+30+(R44-40)*4)))) -> 0 | AM44: =SUM(X44:AL44) -> 0
A45: DD10672 | B45: EL AZOUZI ABDESLAM | C45: MARAVILLA | M45: 15 | S45: =SUM(D45:R45) -> 15 | T45: 1 | U45: DD10672 | V45: EL AZOUZI ABDESLAM | W45: MARAVILLA | X45: =IF(D45<20,0,IF(D45<25,20,IF(D45<30,40,IF(D45<=40,60+(D45-30)*3,60+30+(D45-40)*4)))) -> 0 | Y45: =IF(E45<20,0,IF(E45<25,20,IF(E45<30,40,IF(E45<=40,60+(E45-30)*3,60+30+(E45-40)*4)))) -> 0 | Z45: =IF(F45<20,0,IF(F45<25,20,IF(F45<30,40,IF(F45<=40,60+(F45-30)*3,60+30+(F45-40)*4)))) -> 0 | AA45: =IF(G45<20,0,IF(G45<25,20,IF(G45<30,40,IF(G45<=40,60+(G45-30)*3,60+30+(G45-40)*4)))) -> 0 | AB45: =IF(H45<20,0,IF(H45<25,20,IF(H45<30,40,IF(H45<=40,60+(H45-30)*3,60+30+(H45-40)*4)))) -> 0 | AC45: =IF(I45<20,0,IF(I45<25,20,IF(I45<30,40,IF(I45<=40,60+(I45-30)*3,60+30+(I45-40)*4)))) -> 0 | AD45: =IF(J45<20,0,IF(J45<25,20,IF(J45<30,40,IF(J45<=40,60+(J45-30)*3,60+30+(J45-40)*4)))) -> 0 | AE45: =IF(K45<20,0,IF(K45<25,20,IF(K45<30,40,IF(K45<=40,60+(K45-30)*3,60+30+(K45-40)*4)))) -> 0 | ... AL45: =IF(R45<20,0,IF(R45<25,20,IF(R45<30,40,IF(R45<=40,60+(R45-30)*3,60+30+(R45-40)*4)))) -> 0 | AM45: =SUM(X45:AL45) -> 0
A46: DD10673 | B46: JASIMI EL HOUSSAINE | C46: MARAVILLA | S46: =SUM(D46:R46) -> 0 | T46: 1 | U46: DD10673 | V46: JASIMI EL HOUSSAINE | W46: MARAVILLA | X46: =IF(D46<20,0,IF(D46<25,20,IF(D46<30,40,IF(D46<=40,60+(D46-30)*3,60+30+(D46-40)*4)))) -> 0 | Y46: =IF(E46<20,0,IF(E46<25,20,IF(E46<30,40,IF(E46<=40,60+(E46-30)*3,60+30+(E46-40)*4)))) -> 0 | Z46: =IF(F46<20,0,IF(F46<25,20,IF(F46<30,40,IF(F46<=40,60+(F46-30)*3,60+30+(F46-40)*4)))) -> 0 | AA46: =IF(G46<20,0,IF(G46<25,20,IF(G46<30,40,IF(G46<=40,60+(G46-30)*3,60+30+(G46-40)*4)))) -> 0 | AB46: =IF(H46<20,0,IF(H46<25,20,IF(H46<30,40,IF(H46<=40,60+(H46-30)*3,60+30+(H46-40)*4)))) -> 0 | AC46: =IF(I46<20,0,IF(I46<25,20,IF(I46<30,40,IF(I46<=40,60+(I46-30)*3,60+30+(I46-40)*4)))) -> 0 | AD46: =IF(J46<20,0,IF(J46<25,20,IF(J46<30,40,IF(J46<=40,60+(J46-30)*3,60+30+(J46-40)*4)))) -> 0 | AE46: =IF(K46<20,0,IF(K46<25,20,IF(K46<30,40,IF(K46<=40,60+(K46-30)*3,60+30+(K46-40)*4)))) -> 0 | ... AL46: =IF(R46<20,0,IF(R46<25,20,IF(R46<30,40,IF(R46<=40,60+(R46-30)*3,60+30+(R46-40)*4)))) -> 0 | AM46: =SUM(X46:AL46) -> 0
A47: DD10674 | B47: ROUICHI MOHAMED | C47: MARAVILLA | S47: =SUM(D47:R47) -> 0 | T47: 1 | U47: DD10674 | V47: ROUICHI MOHAMED | W47: MARAVILLA | X47: =IF(D47<20,0,IF(D47<25,20,IF(D47<30,40,IF(D47<=40,60+(D47-30)*3,60+30+(D47-40)*4)))) -> 0 | Y47: =IF(E47<20,0,IF(E47<25,20,IF(E47<30,40,IF(E47<=40,60+(E47-30)*3,60+30+(E47-40)*4)))) -> 0 | Z47: =IF(F47<20,0,IF(F47<25,20,IF(F47<30,40,IF(F47<=40,60+(F47-30)*3,60+30+(F47-40)*4)))) -> 0 | AA47: =IF(G47<20,0,IF(G47<25,20,IF(G47<30,40,IF(G47<=40,60+(G47-30)*3,60+30+(G47-40)*4)))) -> 0 | AB47: =IF(H47<20,0,IF(H47<25,20,IF(H47<30,40,IF(H47<=40,60+(H47-30)*3,60+30+(H47-40)*4)))) -> 0 | AC47: =IF(I47<20,0,IF(I47<25,20,IF(I47<30,40,IF(I47<=40,60+(I47-30)*3,60+30+(I47-40)*4)))) -> 0 | AD47: =IF(J47<20,0,IF(J47<25,20,IF(J47<30,40,IF(J47<=40,60+(J47-30)*3,60+30+(J47-40)*4)))) -> 0 | AE47: =IF(K47<20,0,IF(K47<25,20,IF(K47<30,40,IF(K47<=40,60+(K47-30)*3,60+30+(K47-40)*4)))) -> 0 | ... AL47: =IF(R47<20,0,IF(R47<25,20,IF(R47<30,40,IF(R47<=40,60+(R47-30)*3,60+30+(R47-40)*4)))) -> 0 | AM47: =SUM(X47:AL47) -> 0
A48: DD10715 | B48: ELMADLOUM SOUFAIN | C48: MARAVILLA | S48: =SUM(D48:R48) -> 0 | T48: 1 | U48: DD10715 | V48: ELMADLOUM SOUFAIN | W48: MARAVILLA | X48: =IF(D48<20,0,IF(D48<25,20,IF(D48<30,40,IF(D48<=40,60+(D48-30)*3,60+30+(D48-40)*4)))) -> 0 | Y48: =IF(E48<20,0,IF(E48<25,20,IF(E48<30,40,IF(E48<=40,60+(E48-30)*3,60+30+(E48-40)*4)))) -> 0 | Z48: =IF(F48<20,0,IF(F48<25,20,IF(F48<30,40,IF(F48<=40,60+(F48-30)*3,60+30+(F48-40)*4)))) -> 0 | AA48: =IF(G48<20,0,IF(G48<25,20,IF(G48<30,40,IF(G48<=40,60+(G48-30)*3,60+30+(G48-40)*4)))) -> 0 | AB48: =IF(H48<20,0,IF(H48<25,20,IF(H48<30,40,IF(H48<=40,60+(H48-30)*3,60+30+(H48-40)*4)))) -> 0 | AC48: =IF(I48<20,0,IF(I48<25,20,IF(I48<30,40,IF(I48<=40,60+(I48-30)*3,60+30+(I48-40)*4)))) -> 0 | AD48: =IF(J48<20,0,IF(J48<25,20,IF(J48<30,40,IF(J48<=40,60+(J48-30)*3,60+30+(J48-40)*4)))) -> 0 | AE48: =IF(K48<20,0,IF(K48<25,20,IF(K48<30,40,IF(K48<=40,60+(K48-30)*3,60+30+(K48-40)*4)))) -> 0 | ... AL48: =IF(R48<20,0,IF(R48<25,20,IF(R48<30,40,IF(R48<=40,60+(R48-30)*3,60+30+(R48-40)*4)))) -> 0 | AM48: =SUM(X48:AL48) -> 0
A49: DD10750 | B49: LAGRIOUI ABDESLAM | C49: MARAVILLA | S49: =SUM(D49:R49) -> 0 | T49: 1 | U49: DD10750 | V49: LAGRIOUI ABDESLAM | W49: MARAVILLA | X49: =IF(D49<20,0,IF(D49<25,20,IF(D49<30,40,IF(D49<=40,60+(D49-30)*3,60+30+(D49-40)*4)))) -> 0 | Y49: =IF(E49<20,0,IF(E49<25,20,IF(E49<30,40,IF(E49<=40,60+(E49-30)*3,60+30+(E49-40)*4)))) -> 0 | Z49: =IF(F49<20,0,IF(F49<25,20,IF(F49<30,40,IF(F49<=40,60+(F49-30)*3,60+30+(F49-40)*4)))) -> 0 | AA49: =IF(G49<20,0,IF(G49<25,20,IF(G49<30,40,IF(G49<=40,60+(G49-30)*3,60+30+(G49-40)*4)))) -> 0 | AB49: =IF(H49<20,0,IF(H49<25,20,IF(H49<30,40,IF(H49<=40,60+(H49-30)*3,60+30+(H49-40)*4)))) -> 0 | AC49: =IF(I49<20,0,IF(I49<25,20,IF(I49<30,40,IF(I49<=40,60+(I49-30)*3,60+30+(I49-40)*4)))) -> 0 | AD49: =IF(J49<20,0,IF(J49<25,20,IF(J49<30,40,IF(J49<=40,60+(J49-30)*3,60+30+(J49-40)*4)))) -> 0 | AE49: =IF(K49<20,0,IF(K49<25,20,IF(K49<30,40,IF(K49<=40,60+(K49-30)*3,60+30+(K49-40)*4)))) -> 0 | ... AL49: =IF(R49<20,0,IF(R49<25,20,IF(R49<30,40,IF(R49<=40,60+(R49-30)*3,60+30+(R49-40)*4)))) -> 0 | AM49: =SUM(X49:AL49) -> 0
A50: DD10866 | B50: BOUKHRAKI MOURAD | C50: MARAVILLA | M50: 15 | S50: =SUM(D50:R50) -> 15 | T50: 1 | U50: DD10866 | V50: BOUKHRAKI MOURAD | W50: MARAVILLA | X50: =IF(D50<20,0,IF(D50<25,20,IF(D50<30,40,IF(D50<=40,60+(D50-30)*3,60+30+(D50-40)*4)))) -> 0 | Y50: =IF(E50<20,0,IF(E50<25,20,IF(E50<30,40,IF(E50<=40,60+(E50-30)*3,60+30+(E50-40)*4)))) -> 0 | Z50: =IF(F50<20,0,IF(F50<25,20,IF(F50<30,40,IF(F50<=40,60+(F50-30)*3,60+30+(F50-40)*4)))) -> 0 | AA50: =IF(G50<20,0,IF(G50<25,20,IF(G50<30,40,IF(G50<=40,60+(G50-30)*3,60+30+(G50-40)*4)))) -> 0 | AB50: =IF(H50<20,0,IF(H50<25,20,IF(H50<30,40,IF(H50<=40,60+(H50-30)*3,60+30+(H50-40)*4)))) -> 0 | AC50: =IF(I50<20,0,IF(I50<25,20,IF(I50<30,40,IF(I50<=40,60+(I50-30)*3,60+30+(I50-40)*4)))) -> 0 | AD50: =IF(J50<20,0,IF(J50<25,20,IF(J50<30,40,IF(J50<=40,60+(J50-30)*3,60+30+(J50-40)*4)))) -> 0 | AE50: =IF(K50<20,0,IF(K50<25,20,IF(K50<30,40,IF(K50<=40,60+(K50-30)*3,60+30+(K50-40)*4)))) -> 0 | ... AL50: =IF(R50<20,0,IF(R50<25,20,IF(R50<30,40,IF(R50<=40,60+(R50-30)*3,60+30+(R50-40)*4)))) -> 0 | AM50: =SUM(X50:AL50) -> 0
A51: DD1608 | B51: CHAHIDI MUSTAPHA | C51: MARAVILLA | M51: 21 | S51: =SUM(D51:R51) -> 21 | T51: 1 | U51: DD1608 | V51: CHAHIDI MUSTAPHA | W51: MARAVILLA | X51: =IF(D51<20,0,IF(D51<25,20,IF(D51<30,40,IF(D51<=40,60+(D51-30)*3,60+30+(D51-40)*4)))) -> 0 | Y51: =IF(E51<20,0,IF(E51<25,20,IF(E51<30,40,IF(E51<=40,60+(E51-30)*3,60+30+(E51-40)*4)))) -> 0 | Z51: =IF(F51<20,0,IF(F51<25,20,IF(F51<30,40,IF(F51<=40,60+(F51-30)*3,60+30+(F51-40)*4)))) -> 0 | AA51: =IF(G51<20,0,IF(G51<25,20,IF(G51<30,40,IF(G51<=40,60+(G51-30)*3,60+30+(G51-40)*4)))) -> 0 | AB51: =IF(H51<20,0,IF(H51<25,20,IF(H51<30,40,IF(H51<=40,60+(H51-30)*3,60+30+(H51-40)*4)))) -> 0 | AC51: =IF(I51<20,0,IF(I51<25,20,IF(I51<30,40,IF(I51<=40,60+(I51-30)*3,60+30+(I51-40)*4)))) -> 0 | AD51: =IF(J51<20,0,IF(J51<25,20,IF(J51<30,40,IF(J51<=40,60+(J51-30)*3,60+30+(J51-40)*4)))) -> 0 | AE51: =IF(K51<20,0,IF(K51<25,20,IF(K51<30,40,IF(K51<=40,60+(K51-30)*3,60+30+(K51-40)*4)))) -> 0 | ... AL51: =IF(R51<20,0,IF(R51<25,20,IF(R51<30,40,IF(R51<=40,60+(R51-30)*3,60+30+(R51-40)*4)))) -> 0 | AM51: =SUM(X51:AL51) -> 20
A52: HAFI10008 | B52: NAMSI AMAL | C52: MARAVILLA | I52: 21 | K52: 30 | S52: =SUM(D52:R52) -> 51 | T52: 1 | U52: HAFI10008 | V52: NAMSI AMAL | W52: MARAVILLA | X52: =IF(D52<20,0,IF(D52<25,20,IF(D52<30,40,IF(D52<=40,60+(D52-30)*3,60+30+(D52-40)*4)))) -> 0 | Y52: =IF(E52<20,0,IF(E52<25,20,IF(E52<30,40,IF(E52<=40,60+(E52-30)*3,60+30+(E52-40)*4)))) -> 0 | Z52: =IF(F52<20,0,IF(F52<25,20,IF(F52<30,40,IF(F52<=40,60+(F52-30)*3,60+30+(F52-40)*4)))) -> 0 | AA52: =IF(G52<20,0,IF(G52<25,20,IF(G52<30,40,IF(G52<=40,60+(G52-30)*3,60+30+(G52-40)*4)))) -> 0 | AB52: =IF(H52<20,0,IF(H52<25,20,IF(H52<30,40,IF(H52<=40,60+(H52-30)*3,60+30+(H52-40)*4)))) -> 0 | AC52: =IF(I52<20,0,IF(I52<25,20,IF(I52<30,40,IF(I52<=40,60+(I52-30)*3,60+30+(I52-40)*4)))) -> 20 | AD52: =IF(J52<20,0,IF(J52<25,20,IF(J52<30,40,IF(J52<=40,60+(J52-30)*3,60+30+(J52-40)*4)))) -> 0 | AE52: =IF(K52<20,0,IF(K52<25,20,IF(K52<30,40,IF(K52<=40,60+(K52-30)*3,60+30+(K52-40)*4)))) -> 60 | ... AL52: =IF(R52<20,0,IF(R52<25,20,IF(R52<30,40,IF(R52<=40,60+(R52-30)*3,60+30+(R52-40)*4)))) -> 0 | AM52: =SUM(X52:AL52) -> 80
A53: HAFI10492 | B53: EL HAFI AYA | C53: MARAVILLA | G53: 12 | S53: =SUM(D53:R53) -> 12 | T53: 1 | U53: HAFI10492 | V53: EL HAFI AYA | W53: MARAVILLA | X53: =IF(D53<20,0,IF(D53<25,20,IF(D53<30,40,IF(D53<=40,60+(D53-30)*3,60+30+(D53-40)*4)))) -> 0 | Y53: =IF(E53<20,0,IF(E53<25,20,IF(E53<30,40,IF(E53<=40,60+(E53-30)*3,60+30+(E53-40)*4)))) -> 0 | Z53: =IF(F53<20,0,IF(F53<25,20,IF(F53<30,40,IF(F53<=40,60+(F53-30)*3,60+30+(F53-40)*4)))) -> 0 | AA53: =IF(G53<20,0,IF(G53<25,20,IF(G53<30,40,IF(G53<=40,60+(G53-30)*3,60+30+(G53-40)*4)))) -> 0 | AB53: =IF(H53<20,0,IF(H53<25,20,IF(H53<30,40,IF(H53<=40,60+(H53-30)*3,60+30+(H53-40)*4)))) -> 0 | AC53: =IF(I53<20,0,IF(I53<25,20,IF(I53<30,40,IF(I53<=40,60+(I53-30)*3,60+30+(I53-40)*4)))) -> 0 | AD53: =IF(J53<20,0,IF(J53<25,20,IF(J53<30,40,IF(J53<=40,60+(J53-30)*3,60+30+(J53-40)*4)))) -> 0 | AE53: =IF(K53<20,0,IF(K53<25,20,IF(K53<30,40,IF(K53<=40,60+(K53-30)*3,60+30+(K53-40)*4)))) -> 0 | ... AL53: =IF(R53<20,0,IF(R53<25,20,IF(R53<30,40,IF(R53<=40,60+(R53-30)*3,60+30+(R53-40)*4)))) -> 0 | AM53: =SUM(X53:AL53) -> 0
A54: HAFI2193 | B54: SAYBARI NOURA | C54: MARAVILLA | D54: 7.5 | E54: 7.5 | H54: 21 | I54: 21 | J54: 28.5 | K54: 39 | M54: 45 | S54: =SUM(D54:R54) -> 169.5 | T54: 1 | U54: HAFI2193 | V54: SAYBARI NOURA | W54: MARAVILLA | X54: =IF(D54<20,0,IF(D54<25,20,IF(D54<30,40,IF(D54<=40,60+(D54-30)*3,60+30+(D54-40)*4)))) -> 0 | Y54: =IF(E54<20,0,IF(E54<25,20,IF(E54<30,40,IF(E54<=40,60+(E54-30)*3,60+30+(E54-40)*4)))) -> 0 | Z54: =IF(F54<20,0,IF(F54<25,20,IF(F54<30,40,IF(F54<=40,60+(F54-30)*3,60+30+(F54-40)*4)))) -> 0 | AA54: =IF(G54<20,0,IF(G54<25,20,IF(G54<30,40,IF(G54<=40,60+(G54-30)*3,60+30+(G54-40)*4)))) -> 0 | AB54: =IF(H54<20,0,IF(H54<25,20,IF(H54<30,40,IF(H54<=40,60+(H54-30)*3,60+30+(H54-40)*4)))) -> 20 | AC54: =IF(I54<20,0,IF(I54<25,20,IF(I54<30,40,IF(I54<=40,60+(I54-30)*3,60+30+(I54-40)*4)))) -> 20 | AD54: =IF(J54<20,0,IF(J54<25,20,IF(J54<30,40,IF(J54<=40,60+(J54-30)*3,60+30+(J54-40)*4)))) -> 40 | AE54: =IF(K54<20,0,IF(K54<25,20,IF(K54<30,40,IF(K54<=40,60+(K54-30)*3,60+30+(K54-40)*4)))) -> 87 | ... AL54: =IF(R54<20,0,IF(R54<25,20,IF(R54<30,40,IF(R54<=40,60+(R54-30)*3,60+30+(R54-40)*4)))) -> 0 | AM54: =SUM(X54:AL54) -> 277
A55: HAFI2195 | B55: FTAICHE BOUCHRA | C55: MARAVILLA | D55: 9 | E55: 10.5 | J55: 30 | K55: 36 | S55: =SUM(D55:R55) -> 85.5 | T55: 1 | U55: HAFI2195 | V55: FTAICHE BOUCHRA | W55: MARAVILLA | X55: =IF(D55<20,0,IF(D55<25,20,IF(D55<30,40,IF(D55<=40,60+(D55-30)*3,60+30+(D55-40)*4)))) -> 0 | Y55: =IF(E55<20,0,IF(E55<25,20,IF(E55<30,40,IF(E55<=40,60+(E55-30)*3,60+30+(E55-40)*4)))) -> 0 | Z55: =IF(F55<20,0,IF(F55<25,20,IF(F55<30,40,IF(F55<=40,60+(F55-30)*3,60+30+(F55-40)*4)))) -> 0 | AA55: =IF(G55<20,0,IF(G55<25,20,IF(G55<30,40,IF(G55<=40,60+(G55-30)*3,60+30+(G55-40)*4)))) -> 0 | AB55: =IF(H55<20,0,IF(H55<25,20,IF(H55<30,40,IF(H55<=40,60+(H55-30)*3,60+30+(H55-40)*4)))) -> 0 | AC55: =IF(I55<20,0,IF(I55<25,20,IF(I55<30,40,IF(I55<=40,60+(I55-30)*3,60+30+(I55-40)*4)))) -> 0 | AD55: =IF(J55<20,0,IF(J55<25,20,IF(J55<30,40,IF(J55<=40,60+(J55-30)*3,60+30+(J55-40)*4)))) -> 60 | AE55: =IF(K55<20,0,IF(K55<25,20,IF(K55<30,40,IF(K55<=40,60+(K55-30)*3,60+30+(K55-40)*4)))) -> 78 | ... AL55: =IF(R55<20,0,IF(R55<25,20,IF(R55<30,40,IF(R55<=40,60+(R55-30)*3,60+30+(R55-40)*4)))) -> 0 | AM55: =SUM(X55:AL55) -> 138
A56: HAFI2198 | B56: EL AISSOUM LATIFA | C56: MARAVILLA | D56: 12 | E56: 6 | F56: 15 | G56: 22.5 | H56: 18.5 | J56: 30 | K56: 30 | S56: =SUM(D56:R56) -> 134 | T56: 1 | U56: HAFI2198 | V56: EL AISSOUM LATIFA | W56: MARAVILLA | X56: =IF(D56<20,0,IF(D56<25,20,IF(D56<30,40,IF(D56<=40,60+(D56-30)*3,60+30+(D56-40)*4)))) -> 0 | Y56: =IF(E56<20,0,IF(E56<25,20,IF(E56<30,40,IF(E56<=40,60+(E56-30)*3,60+30+(E56-40)*4)))) -> 0 | Z56: =IF(F56<20,0,IF(F56<25,20,IF(F56<30,40,IF(F56<=40,60+(F56-30)*3,60+30+(F56-40)*4)))) -> 0 | AA56: =IF(G56<20,0,IF(G56<25,20,IF(G56<30,40,IF(G56<=40,60+(G56-30)*3,60+30+(G56-40)*4)))) -> 20 | AB56: =IF(H56<20,0,IF(H56<25,20,IF(H56<30,40,IF(H56<=40,60+(H56-30)*3,60+30+(H56-40)*4)))) -> 0 | AC56: =IF(I56<20,0,IF(I56<25,20,IF(I56<30,40,IF(I56<=40,60+(I56-30)*3,60+30+(I56-40)*4)))) -> 0 | AD56: =IF(J56<20,0,IF(J56<25,20,IF(J56<30,40,IF(J56<=40,60+(J56-30)*3,60+30+(J56-40)*4)))) -> 60 | AE56: =IF(K56<20,0,IF(K56<25,20,IF(K56<30,40,IF(K56<=40,60+(K56-30)*3,60+30+(K56-40)*4)))) -> 60 | ... AL56: =IF(R56<20,0,IF(R56<25,20,IF(R56<30,40,IF(R56<=40,60+(R56-30)*3,60+30+(R56-40)*4)))) -> 0 | AM56: =SUM(X56:AL56) -> 140
A57: HAFI2209 | B57: DBOU TAMOU 1 | C57: MARAVILLA | D57: 7.5 | F57: 15 | H57: 27.5 | J57: 34.5 | K57: 43.5 | S57: =SUM(D57:R57) -> 128 | T57: 1 | U57: HAFI2209 | V57: DBOU TAMOU 1 | W57: MARAVILLA | X57: =IF(D57<20,0,IF(D57<25,20,IF(D57<30,40,IF(D57<=40,60+(D57-30)*3,60+30+(D57-40)*4)))) -> 0 | Y57: =IF(E57<20,0,IF(E57<25,20,IF(E57<30,40,IF(E57<=40,60+(E57-30)*3,60+30+(E57-40)*4)))) -> 0 | Z57: =IF(F57<20,0,IF(F57<25,20,IF(F57<30,40,IF(F57<=40,60+(F57-30)*3,60+30+(F57-40)*4)))) -> 0 | AA57: =IF(G57<20,0,IF(G57<25,20,IF(G57<30,40,IF(G57<=40,60+(G57-30)*3,60+30+(G57-40)*4)))) -> 0 | AB57: =IF(H57<20,0,IF(H57<25,20,IF(H57<30,40,IF(H57<=40,60+(H57-30)*3,60+30+(H57-40)*4)))) -> 40 | AC57: =IF(I57<20,0,IF(I57<25,20,IF(I57<30,40,IF(I57<=40,60+(I57-30)*3,60+30+(I57-40)*4)))) -> 0 | AD57: =IF(J57<20,0,IF(J57<25,20,IF(J57<30,40,IF(J57<=40,60+(J57-30)*3,60+30+(J57-40)*4)))) -> 73.5 | AE57: =IF(K57<20,0,IF(K57<25,20,IF(K57<30,40,IF(K57<=40,60+(K57-30)*3,60+30+(K57-40)*4)))) -> 104 | ... AL57: =IF(R57<20,0,IF(R57<25,20,IF(R57<30,40,IF(R57<=40,60+(R57-30)*3,60+30+(R57-40)*4)))) -> 0 | AM57: =SUM(X57:AL57) -> 217.5
A58: HAFI2296 | B58: EL JELOULI ZOHRA | C58: MARAVILLA | S58: =SUM(D58:R58) -> 0 | T58: 1 | U58: HAFI2296 | V58: EL JELOULI ZOHRA | W58: MARAVILLA | X58: =IF(D58<20,0,IF(D58<25,20,IF(D58<30,40,IF(D58<=40,60+(D58-30)*3,60+30+(D58-40)*4)))) -> 0 | Y58: =IF(E58<20,0,IF(E58<25,20,IF(E58<30,40,IF(E58<=40,60+(E58-30)*3,60+30+(E58-40)*4)))) -> 0 | Z58: =IF(F58<20,0,IF(F58<25,20,IF(F58<30,40,IF(F58<=40,60+(F58-30)*3,60+30+(F58-40)*4)))) -> 0 | AA58: =IF(G58<20,0,IF(G58<25,20,IF(G58<30,40,IF(G58<=40,60+(G58-30)*3,60+30+(G58-40)*4)))) -> 0 | AB58: =IF(H58<20,0,IF(H58<25,20,IF(H58<30,40,IF(H58<=40,60+(H58-30)*3,60+30+(H58-40)*4)))) -> 0 | AC58: =IF(I58<20,0,IF(I58<25,20,IF(I58<30,40,IF(I58<=40,60+(I58-30)*3,60+30+(I58-40)*4)))) -> 0 | AD58: =IF(J58<20,0,IF(J58<25,20,IF(J58<30,40,IF(J58<=40,60+(J58-30)*3,60+30+(J58-40)*4)))) -> 0 | AE58: =IF(K58<20,0,IF(K58<25,20,IF(K58<30,40,IF(K58<=40,60+(K58-30)*3,60+30+(K58-40)*4)))) -> 0 | ... AL58: =IF(R58<20,0,IF(R58<25,20,IF(R58<30,40,IF(R58<=40,60+(R58-30)*3,60+30+(R58-40)*4)))) -> 0 | AM58: =SUM(X58:AL58) -> 0
A59: HAFI231 | B59: EL HAFI HANAN | C59: MARAVILLA | F59: 13.5 | S59: =SUM(D59:R59) -> 13.5 | T59: 1 | U59: HAFI231 | V59: EL HAFI HANAN | W59: MARAVILLA | X59: =IF(D59<20,0,IF(D59<25,20,IF(D59<30,40,IF(D59<=40,60+(D59-30)*3,60+30+(D59-40)*4)))) -> 0 | Y59: =IF(E59<20,0,IF(E59<25,20,IF(E59<30,40,IF(E59<=40,60+(E59-30)*3,60+30+(E59-40)*4)))) -> 0 | Z59: =IF(F59<20,0,IF(F59<25,20,IF(F59<30,40,IF(F59<=40,60+(F59-30)*3,60+30+(F59-40)*4)))) -> 0 | AA59: =IF(G59<20,0,IF(G59<25,20,IF(G59<30,40,IF(G59<=40,60+(G59-30)*3,60+30+(G59-40)*4)))) -> 0 | AB59: =IF(H59<20,0,IF(H59<25,20,IF(H59<30,40,IF(H59<=40,60+(H59-30)*3,60+30+(H59-40)*4)))) -> 0 | AC59: =IF(I59<20,0,IF(I59<25,20,IF(I59<30,40,IF(I59<=40,60+(I59-30)*3,60+30+(I59-40)*4)))) -> 0 | AD59: =IF(J59<20,0,IF(J59<25,20,IF(J59<30,40,IF(J59<=40,60+(J59-30)*3,60+30+(J59-40)*4)))) -> 0 | AE59: =IF(K59<20,0,IF(K59<25,20,IF(K59<30,40,IF(K59<=40,60+(K59-30)*3,60+30+(K59-40)*4)))) -> 0 | ... AL59: =IF(R59<20,0,IF(R59<25,20,IF(R59<30,40,IF(R59<=40,60+(R59-30)*3,60+30+(R59-40)*4)))) -> 0 | AM59: =SUM(X59:AL59) -> 0
A60: HAFI233 | B60: EL JELLOULI RACHIDA | C60: MARAVILLA | J60: 30 | K60: 37.5 | M60: 36 | S60: =SUM(D60:R60) -> 103.5 | T60: 1 | U60: HAFI233 | V60: EL JELLOULI RACHIDA | W60: MARAVILLA | X60: =IF(D60<20,0,IF(D60<25,20,IF(D60<30,40,IF(D60<=40,60+(D60-30)*3,60+30+(D60-40)*4)))) -> 0 | Y60: =IF(E60<20,0,IF(E60<25,20,IF(E60<30,40,IF(E60<=40,60+(E60-30)*3,60+30+(E60-40)*4)))) -> 0 | Z60: =IF(F60<20,0,IF(F60<25,20,IF(F60<30,40,IF(F60<=40,60+(F60-30)*3,60+30+(F60-40)*4)))) -> 0 | AA60: =IF(G60<20,0,IF(G60<25,20,IF(G60<30,40,IF(G60<=40,60+(G60-30)*3,60+30+(G60-40)*4)))) -> 0 | AB60: =IF(H60<20,0,IF(H60<25,20,IF(H60<30,40,IF(H60<=40,60+(H60-30)*3,60+30+(H60-40)*4)))) -> 0 | AC60: =IF(I60<20,0,IF(I60<25,20,IF(I60<30,40,IF(I60<=40,60+(I60-30)*3,60+30+(I60-40)*4)))) -> 0 | AD60: =IF(J60<20,0,IF(J60<25,20,IF(J60<30,40,IF(J60<=40,60+(J60-30)*3,60+30+(J60-40)*4)))) -> 60 | AE60: =IF(K60<20,0,IF(K60<25,20,IF(K60<30,40,IF(K60<=40,60+(K60-30)*3,60+30+(K60-40)*4)))) -> 82.5 | ... AL60: =IF(R60<20,0,IF(R60<25,20,IF(R60<30,40,IF(R60<=40,60+(R60-30)*3,60+30+(R60-40)*4)))) -> 0 | AM60: =SUM(X60:AL60) -> 220.5
A61: HAFI234 | B61: SBAITI NAJAT | C61: MARAVILLA | D61: 13.5 | E61: 18 | J61: 39 | K61: 45 | M61: 51 | S61: =SUM(D61:R61) -> 166.5 | T61: 1 | U61: HAFI234 | V61: SBAITI NAJAT | W61: MARAVILLA | X61: =IF(D61<20,0,IF(D61<25,20,IF(D61<30,40,IF(D61<=40,60+(D61-30)*3,60+30+(D61-40)*4)))) -> 0 | Y61: =IF(E61<20,0,IF(E61<25,20,IF(E61<30,40,IF(E61<=40,60+(E61-30)*3,60+30+(E61-40)*4)))) -> 0 | Z61: =IF(F61<20,0,IF(F61<25,20,IF(F61<30,40,IF(F61<=40,60+(F61-30)*3,60+30+(F61-40)*4)))) -> 0 | AA61: =IF(G61<20,0,IF(G61<25,20,IF(G61<30,40,IF(G61<=40,60+(G61-30)*3,60+30+(G61-40)*4)))) -> 0 | AB61: =IF(H61<20,0,IF(H61<25,20,IF(H61<30,40,IF(H61<=40,60+(H61-30)*3,60+30+(H61-40)*4)))) -> 0 | AC61: =IF(I61<20,0,IF(I61<25,20,IF(I61<30,40,IF(I61<=40,60+(I61-30)*3,60+30+(I61-40)*4)))) -> 0 | AD61: =IF(J61<20,0,IF(J61<25,20,IF(J61<30,40,IF(J61<=40,60+(J61-30)*3,60+30+(J61-40)*4)))) -> 87 | AE61: =IF(K61<20,0,IF(K61<25,20,IF(K61<30,40,IF(K61<=40,60+(K61-30)*3,60+30+(K61-40)*4)))) -> 110 | ... AL61: =IF(R61<20,0,IF(R61<25,20,IF(R61<30,40,IF(R61<=40,60+(R61-30)*3,60+30+(R61-40)*4)))) -> 0 | AM61: =SUM(X61:AL61) -> 331
A62: HAFI236 | B62: BENDADOUH FATIMA | C62: MARAVILLA | D62: 7.5 | F62: 12 | G62: 22.5 | J62: 25.5 | K62: 34.5 | S62: =SUM(D62:R62) -> 102 | T62: 1 | U62: HAFI236 | V62: BENDADOUH FATIMA | W62: MARAVILLA | X62: =IF(D62<20,0,IF(D62<25,20,IF(D62<30,40,IF(D62<=40,60+(D62-30)*3,60+30+(D62-40)*4)))) -> 0 | Y62: =IF(E62<20,0,IF(E62<25,20,IF(E62<30,40,IF(E62<=40,60+(E62-30)*3,60+30+(E62-40)*4)))) -> 0 | Z62: =IF(F62<20,0,IF(F62<25,20,IF(F62<30,40,IF(F62<=40,60+(F62-30)*3,60+30+(F62-40)*4)))) -> 0 | AA62: =IF(G62<20,0,IF(G62<25,20,IF(G62<30,40,IF(G62<=40,60+(G62-30)*3,60+30+(G62-40)*4)))) -> 20 | AB62: =IF(H62<20,0,IF(H62<25,20,IF(H62<30,40,IF(H62<=40,60+(H62-30)*3,60+30+(H62-40)*4)))) -> 0 | AC62: =IF(I62<20,0,IF(I62<25,20,IF(I62<30,40,IF(I62<=40,60+(I62-30)*3,60+30+(I62-40)*4)))) -> 0 | AD62: =IF(J62<20,0,IF(J62<25,20,IF(J62<30,40,IF(J62<=40,60+(J62-30)*3,60+30+(J62-40)*4)))) -> 40 | AE62: =IF(K62<20,0,IF(K62<25,20,IF(K62<30,40,IF(K62<=40,60+(K62-30)*3,60+30+(K62-40)*4)))) -> 73.5 | ... AL62: =IF(R62<20,0,IF(R62<25,20,IF(R62<30,40,IF(R62<=40,60+(R62-30)*3,60+30+(R62-40)*4)))) -> 0 | AM62: =SUM(X62:AL62) -> 133.5
A63: HAFI237 | B63: EL AKRAA LATIFA | C63: MARAVILLA | D63: 10.5 | E63: 9 | F63: 15 | H63: 20.5 | S63: =SUM(D63:R63) -> 55 | T63: 1 | U63: HAFI237 | V63: EL AKRAA LATIFA | W63: MARAVILLA | X63: =IF(D63<20,0,IF(D63<25,20,IF(D63<30,40,IF(D63<=40,60+(D63-30)*3,60+30+(D63-40)*4)))) -> 0 | Y63: =IF(E63<20,0,IF(E63<25,20,IF(E63<30,40,IF(E63<=40,60+(E63-30)*3,60+30+(E63-40)*4)))) -> 0 | Z63: =IF(F63<20,0,IF(F63<25,20,IF(F63<30,40,IF(F63<=40,60+(F63-30)*3,60+30+(F63-40)*4)))) -> 0 | AA63: =IF(G63<20,0,IF(G63<25,20,IF(G63<30,40,IF(G63<=40,60+(G63-30)*3,60+30+(G63-40)*4)))) -> 0 | AB63: =IF(H63<20,0,IF(H63<25,20,IF(H63<30,40,IF(H63<=40,60+(H63-30)*3,60+30+(H63-40)*4)))) -> 20 | AC63: =IF(I63<20,0,IF(I63<25,20,IF(I63<30,40,IF(I63<=40,60+(I63-30)*3,60+30+(I63-40)*4)))) -> 0 | AD63: =IF(J63<20,0,IF(J63<25,20,IF(J63<30,40,IF(J63<=40,60+(J63-30)*3,60+30+(J63-40)*4)))) -> 0 | AE63: =IF(K63<20,0,IF(K63<25,20,IF(K63<30,40,IF(K63<=40,60+(K63-30)*3,60+30+(K63-40)*4)))) -> 0 | ... AL63: =IF(R63<20,0,IF(R63<25,20,IF(R63<30,40,IF(R63<=40,60+(R63-30)*3,60+30+(R63-40)*4)))) -> 0 | AM63: =SUM(X63:AL63) -> 20
A64: HAFI239 | B64: EL HAFI NADIA | C64: MARAVILLA | D64: 4.5 | E64: 10.5 | F64: 22.5 | H64: 13 | J64: 34.5 | K64: 40.5 | S64: =SUM(D64:R64) -> 125.5 | T64: 1 | U64: HAFI239 | V64: EL HAFI NADIA | W64: MARAVILLA | X64: =IF(D64<20,0,IF(D64<25,20,IF(D64<30,40,IF(D64<=40,60+(D64-30)*3,60+30+(D64-40)*4)))) -> 0 | Y64: =IF(E64<20,0,IF(E64<25,20,IF(E64<30,40,IF(E64<=40,60+(E64-30)*3,60+30+(E64-40)*4)))) -> 0 | Z64: =IF(F64<20,0,IF(F64<25,20,IF(F64<30,40,IF(F64<=40,60+(F64-30)*3,60+30+(F64-40)*4)))) -> 20 | AA64: =IF(G64<20,0,IF(G64<25,20,IF(G64<30,40,IF(G64<=40,60+(G64-30)*3,60+30+(G64-40)*4)))) -> 0 | AB64: =IF(H64<20,0,IF(H64<25,20,IF(H64<30,40,IF(H64<=40,60+(H64-30)*3,60+30+(H64-40)*4)))) -> 0 | AC64: =IF(I64<20,0,IF(I64<25,20,IF(I64<30,40,IF(I64<=40,60+(I64-30)*3,60+30+(I64-40)*4)))) -> 0 | AD64: =IF(J64<20,0,IF(J64<25,20,IF(J64<30,40,IF(J64<=40,60+(J64-30)*3,60+30+(J64-40)*4)))) -> 73.5 | AE64: =IF(K64<20,0,IF(K64<25,20,IF(K64<30,40,IF(K64<=40,60+(K64-30)*3,60+30+(K64-40)*4)))) -> 92 | ... AL64: =IF(R64<20,0,IF(R64<25,20,IF(R64<30,40,IF(R64<=40,60+(R64-30)*3,60+30+(R64-40)*4)))) -> 0 | AM64: =SUM(X64:AL64) -> 185.5
A65: HAFI242 | B65: SAIBARI FADILA | C65: MARAVILLA | D65: 7.5 | E65: 6 | F65: 18 | G65: 33 | H65: 23 | I65: 22.5 | J65: 30 | K65: 33 | M65: 37.5 | S65: =SUM(D65:R65) -> 210.5 | T65: 1 | U65: HAFI242 | V65: SAIBARI FADILA | W65: MARAVILLA | X65: =IF(D65<20,0,IF(D65<25,20,IF(D65<30,40,IF(D65<=40,60+(D65-30)*3,60+30+(D65-40)*4)))) -> 0 | Y65: =IF(E65<20,0,IF(E65<25,20,IF(E65<30,40,IF(E65<=40,60+(E65-30)*3,60+30+(E65-40)*4)))) -> 0 | Z65: =IF(F65<20,0,IF(F65<25,20,IF(F65<30,40,IF(F65<=40,60+(F65-30)*3,60+30+(F65-40)*4)))) -> 0 | AA65: =IF(G65<20,0,IF(G65<25,20,IF(G65<30,40,IF(G65<=40,60+(G65-30)*3,60+30+(G65-40)*4)))) -> 69 | AB65: =IF(H65<20,0,IF(H65<25,20,IF(H65<30,40,IF(H65<=40,60+(H65-30)*3,60+30+(H65-40)*4)))) -> 20 | AC65: =IF(I65<20,0,IF(I65<25,20,IF(I65<30,40,IF(I65<=40,60+(I65-30)*3,60+30+(I65-40)*4)))) -> 20 | AD65: =IF(J65<20,0,IF(J65<25,20,IF(J65<30,40,IF(J65<=40,60+(J65-30)*3,60+30+(J65-40)*4)))) -> 60 | AE65: =IF(K65<20,0,IF(K65<25,20,IF(K65<30,40,IF(K65<=40,60+(K65-30)*3,60+30+(K65-40)*4)))) -> 69 | ... AL65: =IF(R65<20,0,IF(R65<25,20,IF(R65<30,40,IF(R65<=40,60+(R65-30)*3,60+30+(R65-40)*4)))) -> 0 | AM65: =SUM(X65:AL65) -> 320.5
A66: HAFI277 | B66: NAMSSI FATIHA | C66: MARAVILLA | D66: 7.5 | E66: 10.5 | J66: 30 | K66: 37.5 | S66: =SUM(D66:R66) -> 85.5 | T66: 1 | U66: HAFI277 | V66: NAMSSI FATIHA | W66: MARAVILLA | X66: =IF(D66<20,0,IF(D66<25,20,IF(D66<30,40,IF(D66<=40,60+(D66-30)*3,60+30+(D66-40)*4)))) -> 0 | Y66: =IF(E66<20,0,IF(E66<25,20,IF(E66<30,40,IF(E66<=40,60+(E66-30)*3,60+30+(E66-40)*4)))) -> 0 | Z66: =IF(F66<20,0,IF(F66<25,20,IF(F66<30,40,IF(F66<=40,60+(F66-30)*3,60+30+(F66-40)*4)))) -> 0 | AA66: =IF(G66<20,0,IF(G66<25,20,IF(G66<30,40,IF(G66<=40,60+(G66-30)*3,60+30+(G66-40)*4)))) -> 0 | AB66: =IF(H66<20,0,IF(H66<25,20,IF(H66<30,40,IF(H66<=40,60+(H66-30)*3,60+30+(H66-40)*4)))) -> 0 | AC66: =IF(I66<20,0,IF(I66<25,20,IF(I66<30,40,IF(I66<=40,60+(I66-30)*3,60+30+(I66-40)*4)))) -> 0 | AD66: =IF(J66<20,0,IF(J66<25,20,IF(J66<30,40,IF(J66<=40,60+(J66-30)*3,60+30+(J66-40)*4)))) -> 60 | AE66: =IF(K66<20,0,IF(K66<25,20,IF(K66<30,40,IF(K66<=40,60+(K66-30)*3,60+30+(K66-40)*4)))) -> 82.5 | ... AL66: =IF(R66<20,0,IF(R66<25,20,IF(R66<30,40,IF(R66<=40,60+(R66-30)*3,60+30+(R66-40)*4)))) -> 0 | AM66: =SUM(X66:AL66) -> 142.5
A67: HAFI2776 | B67: EL FAKROUN ZOHRA | C67: MARAVILLA | D67: 7.5 | E67: 4.5 | G67: 27 | H67: 13.5 | I67: 22.5 | J67: 27 | K67: 30 | S67: =SUM(D67:R67) -> 132 | T67: 1 | U67: HAFI2776 | V67: EL FAKROUN ZOHRA | W67: MARAVILLA | X67: =IF(D67<20,0,IF(D67<25,20,IF(D67<30,40,IF(D67<=40,60+(D67-30)*3,60+30+(D67-40)*4)))) -> 0 | Y67: =IF(E67<20,0,IF(E67<25,20,IF(E67<30,40,IF(E67<=40,60+(E67-30)*3,60+30+(E67-40)*4)))) -> 0 | Z67: =IF(F67<20,0,IF(F67<25,20,IF(F67<30,40,IF(F67<=40,60+(F67-30)*3,60+30+(F67-40)*4)))) -> 0 | AA67: =IF(G67<20,0,IF(G67<25,20,IF(G67<30,40,IF(G67<=40,60+(G67-30)*3,60+30+(G67-40)*4)))) -> 40 | AB67: =IF(H67<20,0,IF(H67<25,20,IF(H67<30,40,IF(H67<=40,60+(H67-30)*3,60+30+(H67-40)*4)))) -> 0 | AC67: =IF(I67<20,0,IF(I67<25,20,IF(I67<30,40,IF(I67<=40,60+(I67-30)*3,60+30+(I67-40)*4)))) -> 20 | AD67: =IF(J67<20,0,IF(J67<25,20,IF(J67<30,40,IF(J67<=40,60+(J67-30)*3,60+30+(J67-40)*4)))) -> 40 | AE67: =IF(K67<20,0,IF(K67<25,20,IF(K67<30,40,IF(K67<=40,60+(K67-30)*3,60+30+(K67-40)*4)))) -> 60 | ... AL67: =IF(R67<20,0,IF(R67<25,20,IF(R67<30,40,IF(R67<=40,60+(R67-30)*3,60+30+(R67-40)*4)))) -> 0 | AM67: =SUM(X67:AL67) -> 160
A68: HAFI291 | B68: EL JELLOULI LATIFA | C68: MARAVILLA | F68: 16.5 | G68: 24 | H68: 19 | I68: 21 | J68: 33 | K68: 37.5 | M68: 40.5 | S68: =SUM(D68:R68) -> 191.5 | T68: 1 | U68: HAFI291 | V68: EL JELLOULI LATIFA | W68: MARAVILLA | X68: =IF(D68<20,0,IF(D68<25,20,IF(D68<30,40,IF(D68<=40,60+(D68-30)*3,60+30+(D68-40)*4)))) -> 0 | Y68: =IF(E68<20,0,IF(E68<25,20,IF(E68<30,40,IF(E68<=40,60+(E68-30)*3,60+30+(E68-40)*4)))) -> 0 | Z68: =IF(F68<20,0,IF(F68<25,20,IF(F68<30,40,IF(F68<=40,60+(F68-30)*3,60+30+(F68-40)*4)))) -> 0 | AA68: =IF(G68<20,0,IF(G68<25,20,IF(G68<30,40,IF(G68<=40,60+(G68-30)*3,60+30+(G68-40)*4)))) -> 20 | AB68: =IF(H68<20,0,IF(H68<25,20,IF(H68<30,40,IF(H68<=40,60+(H68-30)*3,60+30+(H68-40)*4)))) -> 0 | AC68: =IF(I68<20,0,IF(I68<25,20,IF(I68<30,40,IF(I68<=40,60+(I68-30)*3,60+30+(I68-40)*4)))) -> 20 | AD68: =IF(J68<20,0,IF(J68<25,20,IF(J68<30,40,IF(J68<=40,60+(J68-30)*3,60+30+(J68-40)*4)))) -> 69 | AE68: =IF(K68<20,0,IF(K68<25,20,IF(K68<30,40,IF(K68<=40,60+(K68-30)*3,60+30+(K68-40)*4)))) -> 82.5 | ... AL68: =IF(R68<20,0,IF(R68<25,20,IF(R68<30,40,IF(R68<=40,60+(R68-30)*3,60+30+(R68-40)*4)))) -> 0 | AM68: =SUM(X68:AL68) -> 283.5
A69: HAFI3260 | B69: BEHAIBAH ASSIYA | C69: MARAVILLA | I69: 12 | J69: 30 | S69: =SUM(D69:R69) -> 42 | T69: 1 | U69: HAFI3260 | V69: BEHAIBAH ASSIYA | W69: MARAVILLA | X69: =IF(D69<20,0,IF(D69<25,20,IF(D69<30,40,IF(D69<=40,60+(D69-30)*3,60+30+(D69-40)*4)))) -> 0 | Y69: =IF(E69<20,0,IF(E69<25,20,IF(E69<30,40,IF(E69<=40,60+(E69-30)*3,60+30+(E69-40)*4)))) -> 0 | Z69: =IF(F69<20,0,IF(F69<25,20,IF(F69<30,40,IF(F69<=40,60+(F69-30)*3,60+30+(F69-40)*4)))) -> 0 | AA69: =IF(G69<20,0,IF(G69<25,20,IF(G69<30,40,IF(G69<=40,60+(G69-30)*3,60+30+(G69-40)*4)))) -> 0 | AB69: =IF(H69<20,0,IF(H69<25,20,IF(H69<30,40,IF(H69<=40,60+(H69-30)*3,60+30+(H69-40)*4)))) -> 0 | AC69: =IF(I69<20,0,IF(I69<25,20,IF(I69<30,40,IF(I69<=40,60+(I69-30)*3,60+30+(I69-40)*4)))) -> 0 | AD69: =IF(J69<20,0,IF(J69<25,20,IF(J69<30,40,IF(J69<=40,60+(J69-30)*3,60+30+(J69-40)*4)))) -> 60 | AE69: =IF(K69<20,0,IF(K69<25,20,IF(K69<30,40,IF(K69<=40,60+(K69-30)*3,60+30+(K69-40)*4)))) -> 0 | ... AL69: =IF(R69<20,0,IF(R69<25,20,IF(R69<30,40,IF(R69<=40,60+(R69-30)*3,60+30+(R69-40)*4)))) -> 0 | AM69: =SUM(X69:AL69) -> 60
A70: HAFI3506 | B70: EL GHARBAOUI NAJIA | C70: MARAVILLA | D70: 9 | E70: 15 | F70: 18 | H70: 19.5 | J70: 30 | K70: 33 | S70: =SUM(D70:R70) -> 124.5 | T70: 1 | U70: HAFI3506 | V70: EL GHARBAOUI NAJIA | W70: MARAVILLA | X70: =IF(D70<20,0,IF(D70<25,20,IF(D70<30,40,IF(D70<=40,60+(D70-30)*3,60+30+(D70-40)*4)))) -> 0 | Y70: =IF(E70<20,0,IF(E70<25,20,IF(E70<30,40,IF(E70<=40,60+(E70-30)*3,60+30+(E70-40)*4)))) -> 0 | Z70: =IF(F70<20,0,IF(F70<25,20,IF(F70<30,40,IF(F70<=40,60+(F70-30)*3,60+30+(F70-40)*4)))) -> 0 | AA70: =IF(G70<20,0,IF(G70<25,20,IF(G70<30,40,IF(G70<=40,60+(G70-30)*3,60+30+(G70-40)*4)))) -> 0 | AB70: =IF(H70<20,0,IF(H70<25,20,IF(H70<30,40,IF(H70<=40,60+(H70-30)*3,60+30+(H70-40)*4)))) -> 0 | AC70: =IF(I70<20,0,IF(I70<25,20,IF(I70<30,40,IF(I70<=40,60+(I70-30)*3,60+30+(I70-40)*4)))) -> 0 | AD70: =IF(J70<20,0,IF(J70<25,20,IF(J70<30,40,IF(J70<=40,60+(J70-30)*3,60+30+(J70-40)*4)))) -> 60 | AE70: =IF(K70<20,0,IF(K70<25,20,IF(K70<30,40,IF(K70<=40,60+(K70-30)*3,60+30+(K70-40)*4)))) -> 69 | ... AL70: =IF(R70<20,0,IF(R70<25,20,IF(R70<30,40,IF(R70<=40,60+(R70-30)*3,60+30+(R70-40)*4)))) -> 0 | AM70: =SUM(X70:AL70) -> 129
A71: HAFI3590 | B71: EL HAFI MOUNIA | C71: MARAVILLA | S71: =SUM(D71:R71) -> 0 | T71: 1 | U71: HAFI3590 | V71: EL HAFI MOUNIA | W71: MARAVILLA | X71: =IF(D71<20,0,IF(D71<25,20,IF(D71<30,40,IF(D71<=40,60+(D71-30)*3,60+30+(D71-40)*4)))) -> 0 | Y71: =IF(E71<20,0,IF(E71<25,20,IF(E71<30,40,IF(E71<=40,60+(E71-30)*3,60+30+(E71-40)*4)))) -> 0 | Z71: =IF(F71<20,0,IF(F71<25,20,IF(F71<30,40,IF(F71<=40,60+(F71-30)*3,60+30+(F71-40)*4)))) -> 0 | AA71: =IF(G71<20,0,IF(G71<25,20,IF(G71<30,40,IF(G71<=40,60+(G71-30)*3,60+30+(G71-40)*4)))) -> 0 | AB71: =IF(H71<20,0,IF(H71<25,20,IF(H71<30,40,IF(H71<=40,60+(H71-30)*3,60+30+(H71-40)*4)))) -> 0 | AC71: =IF(I71<20,0,IF(I71<25,20,IF(I71<30,40,IF(I71<=40,60+(I71-30)*3,60+30+(I71-40)*4)))) -> 0 | AD71: =IF(J71<20,0,IF(J71<25,20,IF(J71<30,40,IF(J71<=40,60+(J71-30)*3,60+30+(J71-40)*4)))) -> 0 | AE71: =IF(K71<20,0,IF(K71<25,20,IF(K71<30,40,IF(K71<=40,60+(K71-30)*3,60+30+(K71-40)*4)))) -> 0 | ... AL71: =IF(R71<20,0,IF(R71<25,20,IF(R71<30,40,IF(R71<=40,60+(R71-30)*3,60+30+(R71-40)*4)))) -> 0 | AM71: =SUM(X71:AL71) -> 0
A72: HAFI366 | B72: REZZOUK RAHMA | C72: MARAVILLA | D72: 6 | E72: 9 | I72: 21 | J72: 30 | K72: 30 | M72: 37.5 | S72: =SUM(D72:R72) -> 133.5 | T72: 1 | U72: HAFI366 | V72: REZZOUK RAHMA | W72: MARAVILLA | X72: =IF(D72<20,0,IF(D72<25,20,IF(D72<30,40,IF(D72<=40,60+(D72-30)*3,60+30+(D72-40)*4)))) -> 0 | Y72: =IF(E72<20,0,IF(E72<25,20,IF(E72<30,40,IF(E72<=40,60+(E72-30)*3,60+30+(E72-40)*4)))) -> 0 | Z72: =IF(F72<20,0,IF(F72<25,20,IF(F72<30,40,IF(F72<=40,60+(F72-30)*3,60+30+(F72-40)*4)))) -> 0 | AA72: =IF(G72<20,0,IF(G72<25,20,IF(G72<30,40,IF(G72<=40,60+(G72-30)*3,60+30+(G72-40)*4)))) -> 0 | AB72: =IF(H72<20,0,IF(H72<25,20,IF(H72<30,40,IF(H72<=40,60+(H72-30)*3,60+30+(H72-40)*4)))) -> 0 | AC72: =IF(I72<20,0,IF(I72<25,20,IF(I72<30,40,IF(I72<=40,60+(I72-30)*3,60+30+(I72-40)*4)))) -> 20 | AD72: =IF(J72<20,0,IF(J72<25,20,IF(J72<30,40,IF(J72<=40,60+(J72-30)*3,60+30+(J72-40)*4)))) -> 60 | AE72: =IF(K72<20,0,IF(K72<25,20,IF(K72<30,40,IF(K72<=40,60+(K72-30)*3,60+30+(K72-40)*4)))) -> 60 | ... AL72: =IF(R72<20,0,IF(R72<25,20,IF(R72<30,40,IF(R72<=40,60+(R72-30)*3,60+30+(R72-40)*4)))) -> 0 | AM72: =SUM(X72:AL72) -> 222.5
A73: HAFI372 | B73: EL JELOULI RACHIDA 1 | C73: MARAVILLA | D73: 10.5 | E73: 9 | F73: 21 | H73: 21 | K73: 36 | S73: =SUM(D73:R73) -> 97.5 | T73: 1 | U73: HAFI372 | V73: EL JELOULI RACHIDA 1 | W73: MARAVILLA | X73: =IF(D73<20,0,IF(D73<25,20,IF(D73<30,40,IF(D73<=40,60+(D73-30)*3,60+30+(D73-40)*4)))) -> 0 | Y73: =IF(E73<20,0,IF(E73<25,20,IF(E73<30,40,IF(E73<=40,60+(E73-30)*3,60+30+(E73-40)*4)))) -> 0 | Z73: =IF(F73<20,0,IF(F73<25,20,IF(F73<30,40,IF(F73<=40,60+(F73-30)*3,60+30+(F73-40)*4)))) -> 20 | AA73: =IF(G73<20,0,IF(G73<25,20,IF(G73<30,40,IF(G73<=40,60+(G73-30)*3,60+30+(G73-40)*4)))) -> 0 | AB73: =IF(H73<20,0,IF(H73<25,20,IF(H73<30,40,IF(H73<=40,60+(H73-30)*3,60+30+(H73-40)*4)))) -> 20 | AC73: =IF(I73<20,0,IF(I73<25,20,IF(I73<30,40,IF(I73<=40,60+(I73-30)*3,60+30+(I73-40)*4)))) -> 0 | AD73: =IF(J73<20,0,IF(J73<25,20,IF(J73<30,40,IF(J73<=40,60+(J73-30)*3,60+30+(J73-40)*4)))) -> 0 | AE73: =IF(K73<20,0,IF(K73<25,20,IF(K73<30,40,IF(K73<=40,60+(K73-30)*3,60+30+(K73-40)*4)))) -> 78 | ... AL73: =IF(R73<20,0,IF(R73<25,20,IF(R73<30,40,IF(R73<=40,60+(R73-30)*3,60+30+(R73-40)*4)))) -> 0 | AM73: =SUM(X73:AL73) -> 118
A74: HAFI4015 | B74: BENABDELLAH SOUKAINA | C74: MARAVILLA | D74: 6 | J74: 21 | K74: 24 | S74: =SUM(D74:R74) -> 51 | T74: 1 | U74: HAFI4015 | V74: BENABDELLAH SOUKAINA | W74: MARAVILLA | X74: =IF(D74<20,0,IF(D74<25,20,IF(D74<30,40,IF(D74<=40,60+(D74-30)*3,60+30+(D74-40)*4)))) -> 0 | Y74: =IF(E74<20,0,IF(E74<25,20,IF(E74<30,40,IF(E74<=40,60+(E74-30)*3,60+30+(E74-40)*4)))) -> 0 | Z74: =IF(F74<20,0,IF(F74<25,20,IF(F74<30,40,IF(F74<=40,60+(F74-30)*3,60+30+(F74-40)*4)))) -> 0 | AA74: =IF(G74<20,0,IF(G74<25,20,IF(G74<30,40,IF(G74<=40,60+(G74-30)*3,60+30+(G74-40)*4)))) -> 0 | AB74: =IF(H74<20,0,IF(H74<25,20,IF(H74<30,40,IF(H74<=40,60+(H74-30)*3,60+30+(H74-40)*4)))) -> 0 | AC74: =IF(I74<20,0,IF(I74<25,20,IF(I74<30,40,IF(I74<=40,60+(I74-30)*3,60+30+(I74-40)*4)))) -> 0 | AD74: =IF(J74<20,0,IF(J74<25,20,IF(J74<30,40,IF(J74<=40,60+(J74-30)*3,60+30+(J74-40)*4)))) -> 20 | AE74: =IF(K74<20,0,IF(K74<25,20,IF(K74<30,40,IF(K74<=40,60+(K74-30)*3,60+30+(K74-40)*4)))) -> 20 | ... AL74: =IF(R74<20,0,IF(R74<25,20,IF(R74<30,40,IF(R74<=40,60+(R74-30)*3,60+30+(R74-40)*4)))) -> 0 | AM74: =SUM(X74:AL74) -> 40
A75: HAFI4333 | B75: EL HAFI FATIMA ZOHRA 1 | C75: MARAVILLA | D75: 4.5 | J75: 31.5 | K75: 33 | M75: 42 | S75: =SUM(D75:R75) -> 111 | T75: 1 | U75: HAFI4333 | V75: EL HAFI FATIMA ZOHRA 1 | W75: MARAVILLA | X75: =IF(D75<20,0,IF(D75<25,20,IF(D75<30,40,IF(D75<=40,60+(D75-30)*3,60+30+(D75-40)*4)))) -> 0 | Y75: =IF(E75<20,0,IF(E75<25,20,IF(E75<30,40,IF(E75<=40,60+(E75-30)*3,60+30+(E75-40)*4)))) -> 0 | Z75: =IF(F75<20,0,IF(F75<25,20,IF(F75<30,40,IF(F75<=40,60+(F75-30)*3,60+30+(F75-40)*4)))) -> 0 | AA75: =IF(G75<20,0,IF(G75<25,20,IF(G75<30,40,IF(G75<=40,60+(G75-30)*3,60+30+(G75-40)*4)))) -> 0 | AB75: =IF(H75<20,0,IF(H75<25,20,IF(H75<30,40,IF(H75<=40,60+(H75-30)*3,60+30+(H75-40)*4)))) -> 0 | AC75: =IF(I75<20,0,IF(I75<25,20,IF(I75<30,40,IF(I75<=40,60+(I75-30)*3,60+30+(I75-40)*4)))) -> 0 | AD75: =IF(J75<20,0,IF(J75<25,20,IF(J75<30,40,IF(J75<=40,60+(J75-30)*3,60+30+(J75-40)*4)))) -> 64.5 | AE75: =IF(K75<20,0,IF(K75<25,20,IF(K75<30,40,IF(K75<=40,60+(K75-30)*3,60+30+(K75-40)*4)))) -> 69 | ... AL75: =IF(R75<20,0,IF(R75<25,20,IF(R75<30,40,IF(R75<=40,60+(R75-30)*3,60+30+(R75-40)*4)))) -> 0 | AM75: =SUM(X75:AL75) -> 231.5
A76: HAFI4470 | B76: EL AISSOU AMAL | C76: MARAVILLA | D76: 9 | E76: 6 | H76: 23.5 | J76: 25.5 | K76: 25.5 | S76: =SUM(D76:R76) -> 89.5 | T76: 1 | U76: HAFI4470 | V76: EL AISSOU AMAL | W76: MARAVILLA | X76: =IF(D76<20,0,IF(D76<25,20,IF(D76<30,40,IF(D76<=40,60+(D76-30)*3,60+30+(D76-40)*4)))) -> 0 | Y76: =IF(E76<20,0,IF(E76<25,20,IF(E76<30,40,IF(E76<=40,60+(E76-30)*3,60+30+(E76-40)*4)))) -> 0 | Z76: =IF(F76<20,0,IF(F76<25,20,IF(F76<30,40,IF(F76<=40,60+(F76-30)*3,60+30+(F76-40)*4)))) -> 0 | AA76: =IF(G76<20,0,IF(G76<25,20,IF(G76<30,40,IF(G76<=40,60+(G76-30)*3,60+30+(G76-40)*4)))) -> 0 | AB76: =IF(H76<20,0,IF(H76<25,20,IF(H76<30,40,IF(H76<=40,60+(H76-30)*3,60+30+(H76-40)*4)))) -> 20 | AC76: =IF(I76<20,0,IF(I76<25,20,IF(I76<30,40,IF(I76<=40,60+(I76-30)*3,60+30+(I76-40)*4)))) -> 0 | AD76: =IF(J76<20,0,IF(J76<25,20,IF(J76<30,40,IF(J76<=40,60+(J76-30)*3,60+30+(J76-40)*4)))) -> 40 | AE76: =IF(K76<20,0,IF(K76<25,20,IF(K76<30,40,IF(K76<=40,60+(K76-30)*3,60+30+(K76-40)*4)))) -> 40 | ... AL76: =IF(R76<20,0,IF(R76<25,20,IF(R76<30,40,IF(R76<=40,60+(R76-30)*3,60+30+(R76-40)*4)))) -> 0 | AM76: =SUM(X76:AL76) -> 100
A77: HAFI4473 | B77: ASSOU FATIMA ZOHRA | C77: MARAVILLA | I77: 21 | J77: 30 | K77: 34.5 | M77: 36 | S77: =SUM(D77:R77) -> 121.5 | T77: 1 | U77: HAFI4473 | V77: ASSOU FATIMA ZOHRA | W77: MARAVILLA | X77: =IF(D77<20,0,IF(D77<25,20,IF(D77<30,40,IF(D77<=40,60+(D77-30)*3,60+30+(D77-40)*4)))) -> 0 | Y77: =IF(E77<20,0,IF(E77<25,20,IF(E77<30,40,IF(E77<=40,60+(E77-30)*3,60+30+(E77-40)*4)))) -> 0 | Z77: =IF(F77<20,0,IF(F77<25,20,IF(F77<30,40,IF(F77<=40,60+(F77-30)*3,60+30+(F77-40)*4)))) -> 0 | AA77: =IF(G77<20,0,IF(G77<25,20,IF(G77<30,40,IF(G77<=40,60+(G77-30)*3,60+30+(G77-40)*4)))) -> 0 | AB77: =IF(H77<20,0,IF(H77<25,20,IF(H77<30,40,IF(H77<=40,60+(H77-30)*3,60+30+(H77-40)*4)))) -> 0 | AC77: =IF(I77<20,0,IF(I77<25,20,IF(I77<30,40,IF(I77<=40,60+(I77-30)*3,60+30+(I77-40)*4)))) -> 20 | AD77: =IF(J77<20,0,IF(J77<25,20,IF(J77<30,40,IF(J77<=40,60+(J77-30)*3,60+30+(J77-40)*4)))) -> 60 | AE77: =IF(K77<20,0,IF(K77<25,20,IF(K77<30,40,IF(K77<=40,60+(K77-30)*3,60+30+(K77-40)*4)))) -> 73.5 | ... AL77: =IF(R77<20,0,IF(R77<25,20,IF(R77<30,40,IF(R77<=40,60+(R77-30)*3,60+30+(R77-40)*4)))) -> 0 | AM77: =SUM(X77:AL77) -> 231.5
A78: HAFI4801 | B78: EL HAFI FATIMA ZOHRA | C78: MARAVILLA | G78: 15 | H78: 20 | J78: 30 | K78: 31.5 | S78: =SUM(D78:R78) -> 96.5 | T78: 1 | U78: HAFI4801 | V78: EL HAFI FATIMA ZOHRA | W78: MARAVILLA | X78: =IF(D78<20,0,IF(D78<25,20,IF(D78<30,40,IF(D78<=40,60+(D78-30)*3,60+30+(D78-40)*4)))) -> 0 | Y78: =IF(E78<20,0,IF(E78<25,20,IF(E78<30,40,IF(E78<=40,60+(E78-30)*3,60+30+(E78-40)*4)))) -> 0 | Z78: =IF(F78<20,0,IF(F78<25,20,IF(F78<30,40,IF(F78<=40,60+(F78-30)*3,60+30+(F78-40)*4)))) -> 0 | AA78: =IF(G78<20,0,IF(G78<25,20,IF(G78<30,40,IF(G78<=40,60+(G78-30)*3,60+30+(G78-40)*4)))) -> 0 | AB78: =IF(H78<20,0,IF(H78<25,20,IF(H78<30,40,IF(H78<=40,60+(H78-30)*3,60+30+(H78-40)*4)))) -> 20 | AC78: =IF(I78<20,0,IF(I78<25,20,IF(I78<30,40,IF(I78<=40,60+(I78-30)*3,60+30+(I78-40)*4)))) -> 0 | AD78: =IF(J78<20,0,IF(J78<25,20,IF(J78<30,40,IF(J78<=40,60+(J78-30)*3,60+30+(J78-40)*4)))) -> 60 | AE78: =IF(K78<20,0,IF(K78<25,20,IF(K78<30,40,IF(K78<=40,60+(K78-30)*3,60+30+(K78-40)*4)))) -> 64.5 | ... AL78: =IF(R78<20,0,IF(R78<25,20,IF(R78<30,40,IF(R78<=40,60+(R78-30)*3,60+30+(R78-40)*4)))) -> 0 | AM78: =SUM(X78:AL78) -> 144.5
A79: HAFI4848 | B79: ELA AKRAA SALMA | C79: MARAVILLA | G79: 15 | S79: =SUM(D79:R79) -> 15 | T79: 1 | U79: HAFI4848 | V79: ELA AKRAA SALMA | W79: MARAVILLA | X79: =IF(D79<20,0,IF(D79<25,20,IF(D79<30,40,IF(D79<=40,60+(D79-30)*3,60+30+(D79-40)*4)))) -> 0 | Y79: =IF(E79<20,0,IF(E79<25,20,IF(E79<30,40,IF(E79<=40,60+(E79-30)*3,60+30+(E79-40)*4)))) -> 0 | Z79: =IF(F79<20,0,IF(F79<25,20,IF(F79<30,40,IF(F79<=40,60+(F79-30)*3,60+30+(F79-40)*4)))) -> 0 | AA79: =IF(G79<20,0,IF(G79<25,20,IF(G79<30,40,IF(G79<=40,60+(G79-30)*3,60+30+(G79-40)*4)))) -> 0 | AB79: =IF(H79<20,0,IF(H79<25,20,IF(H79<30,40,IF(H79<=40,60+(H79-30)*3,60+30+(H79-40)*4)))) -> 0 | AC79: =IF(I79<20,0,IF(I79<25,20,IF(I79<30,40,IF(I79<=40,60+(I79-30)*3,60+30+(I79-40)*4)))) -> 0 | AD79: =IF(J79<20,0,IF(J79<25,20,IF(J79<30,40,IF(J79<=40,60+(J79-30)*3,60+30+(J79-40)*4)))) -> 0 | AE79: =IF(K79<20,0,IF(K79<25,20,IF(K79<30,40,IF(K79<=40,60+(K79-30)*3,60+30+(K79-40)*4)))) -> 0 | ... AL79: =IF(R79<20,0,IF(R79<25,20,IF(R79<30,40,IF(R79<=40,60+(R79-30)*3,60+30+(R79-40)*4)))) -> 0 | AM79: =SUM(X79:AL79) -> 0
A80: HAFI8022 | B80: HASSOUN AZIZA | C80: MARAVILLA | D80: 7.5 | E80: 7.5 | F80: 13.5 | G80: 24 | H80: 26.5 | J80: 24 | K80: 30 | M80: 31.5 | S80: =SUM(D80:R80) -> 164.5 | T80: 1 | U80: HAFI8022 | V80: HASSOUN AZIZA | W80: MARAVILLA | X80: =IF(D80<20,0,IF(D80<25,20,IF(D80<30,40,IF(D80<=40,60+(D80-30)*3,60+30+(D80-40)*4)))) -> 0 | Y80: =IF(E80<20,0,IF(E80<25,20,IF(E80<30,40,IF(E80<=40,60+(E80-30)*3,60+30+(E80-40)*4)))) -> 0 | Z80: =IF(F80<20,0,IF(F80<25,20,IF(F80<30,40,IF(F80<=40,60+(F80-30)*3,60+30+(F80-40)*4)))) -> 0 | AA80: =IF(G80<20,0,IF(G80<25,20,IF(G80<30,40,IF(G80<=40,60+(G80-30)*3,60+30+(G80-40)*4)))) -> 20 | AB80: =IF(H80<20,0,IF(H80<25,20,IF(H80<30,40,IF(H80<=40,60+(H80-30)*3,60+30+(H80-40)*4)))) -> 40 | AC80: =IF(I80<20,0,IF(I80<25,20,IF(I80<30,40,IF(I80<=40,60+(I80-30)*3,60+30+(I80-40)*4)))) -> 0 | AD80: =IF(J80<20,0,IF(J80<25,20,IF(J80<30,40,IF(J80<=40,60+(J80-30)*3,60+30+(J80-40)*4)))) -> 20 | AE80: =IF(K80<20,0,IF(K80<25,20,IF(K80<30,40,IF(K80<=40,60+(K80-30)*3,60+30+(K80-40)*4)))) -> 60 | ... AL80: =IF(R80<20,0,IF(R80<25,20,IF(R80<30,40,IF(R80<=40,60+(R80-30)*3,60+30+(R80-40)*4)))) -> 0 | AM80: =SUM(X80:AL80) -> 204.5
A81: HH10425 | B81: HAJI HANAE | C81: MARAVILLA | F81: 4.5 | H81: 4.5 | J81: 10.5 | L81: 25.5 | M81: 22.5 | S81: =SUM(D81:R81) -> 67.5 | T81: 1 | U81: HH10425 | V81: HAJI HANAE | W81: MARAVILLA | X81: =IF(D81<20,0,IF(D81<25,20,IF(D81<30,40,IF(D81<=40,60+(D81-30)*3,60+30+(D81-40)*4)))) -> 0 | Y81: =IF(E81<20,0,IF(E81<25,20,IF(E81<30,40,IF(E81<=40,60+(E81-30)*3,60+30+(E81-40)*4)))) -> 0 | Z81: =IF(F81<20,0,IF(F81<25,20,IF(F81<30,40,IF(F81<=40,60+(F81-30)*3,60+30+(F81-40)*4)))) -> 0 | AA81: =IF(G81<20,0,IF(G81<25,20,IF(G81<30,40,IF(G81<=40,60+(G81-30)*3,60+30+(G81-40)*4)))) -> 0 | AB81: =IF(H81<20,0,IF(H81<25,20,IF(H81<30,40,IF(H81<=40,60+(H81-30)*3,60+30+(H81-40)*4)))) -> 0 | AC81: =IF(I81<20,0,IF(I81<25,20,IF(I81<30,40,IF(I81<=40,60+(I81-30)*3,60+30+(I81-40)*4)))) -> 0 | AD81: =IF(J81<20,0,IF(J81<25,20,IF(J81<30,40,IF(J81<=40,60+(J81-30)*3,60+30+(J81-40)*4)))) -> 0 | AE81: =IF(K81<20,0,IF(K81<25,20,IF(K81<30,40,IF(K81<=40,60+(K81-30)*3,60+30+(K81-40)*4)))) -> 0 | ... AL81: =IF(R81<20,0,IF(R81<25,20,IF(R81<30,40,IF(R81<=40,60+(R81-30)*3,60+30+(R81-40)*4)))) -> 0 | AM81: =SUM(X81:AL81) -> 60
A82: HH10444 | B82: SAI IKRAM | C82: MARAVILLA | F82: 6 | G82: 7.5 | H82: 9 | I82: 15 | J82: 15 | K82: 16.5 | L82: 33 | M82: 24 | S82: =SUM(D82:R82) -> 126 | T82: 1 | U82: HH10444 | V82: SAI IKRAM | W82: MARAVILLA | X82: =IF(D82<20,0,IF(D82<25,20,IF(D82<30,40,IF(D82<=40,60+(D82-30)*3,60+30+(D82-40)*4)))) -> 0 | Y82: =IF(E82<20,0,IF(E82<25,20,IF(E82<30,40,IF(E82<=40,60+(E82-30)*3,60+30+(E82-40)*4)))) -> 0 | Z82: =IF(F82<20,0,IF(F82<25,20,IF(F82<30,40,IF(F82<=40,60+(F82-30)*3,60+30+(F82-40)*4)))) -> 0 | AA82: =IF(G82<20,0,IF(G82<25,20,IF(G82<30,40,IF(G82<=40,60+(G82-30)*3,60+30+(G82-40)*4)))) -> 0 | AB82: =IF(H82<20,0,IF(H82<25,20,IF(H82<30,40,IF(H82<=40,60+(H82-30)*3,60+30+(H82-40)*4)))) -> 0 | AC82: =IF(I82<20,0,IF(I82<25,20,IF(I82<30,40,IF(I82<=40,60+(I82-30)*3,60+30+(I82-40)*4)))) -> 0 | AD82: =IF(J82<20,0,IF(J82<25,20,IF(J82<30,40,IF(J82<=40,60+(J82-30)*3,60+30+(J82-40)*4)))) -> 0 | AE82: =IF(K82<20,0,IF(K82<25,20,IF(K82<30,40,IF(K82<=40,60+(K82-30)*3,60+30+(K82-40)*4)))) -> 0 | ... AL82: =IF(R82<20,0,IF(R82<25,20,IF(R82<30,40,IF(R82<=40,60+(R82-30)*3,60+30+(R82-40)*4)))) -> 0 | AM82: =SUM(X82:AL82) -> 89
A83: HH10450 | B83: HAJI YASSMIN | C83: MARAVILLA | F83: 4.5 | G83: 4.5 | H83: 9 | J83: 10.5 | K83: 16.5 | L83: 30 | M83: 31.5 | S83: =SUM(D83:R83) -> 106.5 | T83: 1 | U83: HH10450 | V83: HAJI YASSMIN | W83: MARAVILLA | X83: =IF(D83<20,0,IF(D83<25,20,IF(D83<30,40,IF(D83<=40,60+(D83-30)*3,60+30+(D83-40)*4)))) -> 0 | Y83: =IF(E83<20,0,IF(E83<25,20,IF(E83<30,40,IF(E83<=40,60+(E83-30)*3,60+30+(E83-40)*4)))) -> 0 | Z83: =IF(F83<20,0,IF(F83<25,20,IF(F83<30,40,IF(F83<=40,60+(F83-30)*3,60+30+(F83-40)*4)))) -> 0 | AA83: =IF(G83<20,0,IF(G83<25,20,IF(G83<30,40,IF(G83<=40,60+(G83-30)*3,60+30+(G83-40)*4)))) -> 0 | AB83: =IF(H83<20,0,IF(H83<25,20,IF(H83<30,40,IF(H83<=40,60+(H83-30)*3,60+30+(H83-40)*4)))) -> 0 | AC83: =IF(I83<20,0,IF(I83<25,20,IF(I83<30,40,IF(I83<=40,60+(I83-30)*3,60+30+(I83-40)*4)))) -> 0 | AD83: =IF(J83<20,0,IF(J83<25,20,IF(J83<30,40,IF(J83<=40,60+(J83-30)*3,60+30+(J83-40)*4)))) -> 0 | AE83: =IF(K83<20,0,IF(K83<25,20,IF(K83<30,40,IF(K83<=40,60+(K83-30)*3,60+30+(K83-40)*4)))) -> 0 | ... AL83: =IF(R83<20,0,IF(R83<25,20,IF(R83<30,40,IF(R83<=40,60+(R83-30)*3,60+30+(R83-40)*4)))) -> 0 | AM83: =SUM(X83:AL83) -> 124.5
A84: HH10495 | B84: SABRI SALMA | C84: MARAVILLA | E84: 4.5 | F84: 3 | G84: 3 | H84: 4.5 | I84: 9 | J84: 7.5 | S84: =SUM(D84:R84) -> 31.5 | T84: 1 | U84: HH10495 | V84: SABRI SALMA | W84: MARAVILLA | X84: =IF(D84<20,0,IF(D84<25,20,IF(D84<30,40,IF(D84<=40,60+(D84-30)*3,60+30+(D84-40)*4)))) -> 0 | Y84: =IF(E84<20,0,IF(E84<25,20,IF(E84<30,40,IF(E84<=40,60+(E84-30)*3,60+30+(E84-40)*4)))) -> 0 | Z84: =IF(F84<20,0,IF(F84<25,20,IF(F84<30,40,IF(F84<=40,60+(F84-30)*3,60+30+(F84-40)*4)))) -> 0 | AA84: =IF(G84<20,0,IF(G84<25,20,IF(G84<30,40,IF(G84<=40,60+(G84-30)*3,60+30+(G84-40)*4)))) -> 0 | AB84: =IF(H84<20,0,IF(H84<25,20,IF(H84<30,40,IF(H84<=40,60+(H84-30)*3,60+30+(H84-40)*4)))) -> 0 | AC84: =IF(I84<20,0,IF(I84<25,20,IF(I84<30,40,IF(I84<=40,60+(I84-30)*3,60+30+(I84-40)*4)))) -> 0 | AD84: =IF(J84<20,0,IF(J84<25,20,IF(J84<30,40,IF(J84<=40,60+(J84-30)*3,60+30+(J84-40)*4)))) -> 0 | AE84: =IF(K84<20,0,IF(K84<25,20,IF(K84<30,40,IF(K84<=40,60+(K84-30)*3,60+30+(K84-40)*4)))) -> 0 | ... AL84: =IF(R84<20,0,IF(R84<25,20,IF(R84<30,40,IF(R84<=40,60+(R84-30)*3,60+30+(R84-40)*4)))) -> 0 | AM84: =SUM(X84:AL84) -> 0
A85: HH10707 | B85: EL-ATTAFY ABDELKHALED | C85: MARAVILLA | L85: 30 | M85: 19.5 | S85: =SUM(D85:R85) -> 49.5 | T85: 1 | U85: HH10707 | V85: EL-ATTAFY ABDELKHALED | W85: MARAVILLA | X85: =IF(D85<20,0,IF(D85<25,20,IF(D85<30,40,IF(D85<=40,60+(D85-30)*3,60+30+(D85-40)*4)))) -> 0 | Y85: =IF(E85<20,0,IF(E85<25,20,IF(E85<30,40,IF(E85<=40,60+(E85-30)*3,60+30+(E85-40)*4)))) -> 0 | Z85: =IF(F85<20,0,IF(F85<25,20,IF(F85<30,40,IF(F85<=40,60+(F85-30)*3,60+30+(F85-40)*4)))) -> 0 | AA85: =IF(G85<20,0,IF(G85<25,20,IF(G85<30,40,IF(G85<=40,60+(G85-30)*3,60+30+(G85-40)*4)))) -> 0 | AB85: =IF(H85<20,0,IF(H85<25,20,IF(H85<30,40,IF(H85<=40,60+(H85-30)*3,60+30+(H85-40)*4)))) -> 0 | AC85: =IF(I85<20,0,IF(I85<25,20,IF(I85<30,40,IF(I85<=40,60+(I85-30)*3,60+30+(I85-40)*4)))) -> 0 | AD85: =IF(J85<20,0,IF(J85<25,20,IF(J85<30,40,IF(J85<=40,60+(J85-30)*3,60+30+(J85-40)*4)))) -> 0 | AE85: =IF(K85<20,0,IF(K85<25,20,IF(K85<30,40,IF(K85<=40,60+(K85-30)*3,60+30+(K85-40)*4)))) -> 0 | ... AL85: =IF(R85<20,0,IF(R85<25,20,IF(R85<30,40,IF(R85<=40,60+(R85-30)*3,60+30+(R85-40)*4)))) -> 0 | AM85: =SUM(X85:AL85) -> 60
A86: HH10708 | B86: EL HADIRA MOHSIN | C86: MARAVILLA | J86: 6 | L86: 16.5 | S86: =SUM(D86:R86) -> 22.5 | T86: 1 | U86: HH10708 | V86: EL HADIRA MOHSIN | W86: MARAVILLA | X86: =IF(D86<20,0,IF(D86<25,20,IF(D86<30,40,IF(D86<=40,60+(D86-30)*3,60+30+(D86-40)*4)))) -> 0 | Y86: =IF(E86<20,0,IF(E86<25,20,IF(E86<30,40,IF(E86<=40,60+(E86-30)*3,60+30+(E86-40)*4)))) -> 0 | Z86: =IF(F86<20,0,IF(F86<25,20,IF(F86<30,40,IF(F86<=40,60+(F86-30)*3,60+30+(F86-40)*4)))) -> 0 | AA86: =IF(G86<20,0,IF(G86<25,20,IF(G86<30,40,IF(G86<=40,60+(G86-30)*3,60+30+(G86-40)*4)))) -> 0 | AB86: =IF(H86<20,0,IF(H86<25,20,IF(H86<30,40,IF(H86<=40,60+(H86-30)*3,60+30+(H86-40)*4)))) -> 0 | AC86: =IF(I86<20,0,IF(I86<25,20,IF(I86<30,40,IF(I86<=40,60+(I86-30)*3,60+30+(I86-40)*4)))) -> 0 | AD86: =IF(J86<20,0,IF(J86<25,20,IF(J86<30,40,IF(J86<=40,60+(J86-30)*3,60+30+(J86-40)*4)))) -> 0 | AE86: =IF(K86<20,0,IF(K86<25,20,IF(K86<30,40,IF(K86<=40,60+(K86-30)*3,60+30+(K86-40)*4)))) -> 0 | ... AL86: =IF(R86<20,0,IF(R86<25,20,IF(R86<30,40,IF(R86<=40,60+(R86-30)*3,60+30+(R86-40)*4)))) -> 0 | AM86: =SUM(X86:AL86) -> 0
